,rating
0,3
1,4
2,4
3,3
4,3
5,3
6,4
7,4
8,3
9,3
10,3
11,4
12,2
13,4
14,3
15,4
16,4
17,3
18,4
19,3
20,3
21,3
22,4
23,3
24,3
25,3
26,3
27,3
28,3
29,3
30,4
31,4
32,3
33,3
34,4
35,3
36,3
37,4
38,4
39,3
40,3
41,3
42,3
43,3
44,4
45,3
46,4
47,4
48,5
49,5
50,3
51,4
52,3
53,3
54,3
55,3
56,4
57,3
58,4
59,5
60,3
61,3
62,3
63,5
64,4
65,3
66,3
67,3
68,3
69,4
70,4
71,3
72,3
73,4
74,3
75,3
76,4
77,3
78,3
79,4
80,3
81,3
82,4
83,4
84,5
85,3
86,3
87,3
88,4
89,4
90,3
91,3
92,4
93,3
94,3
95,3
96,3
97,4
98,3
99,3
100,3
101,3
102,4
103,3
104,5
105,4
106,3
107,3
108,3
109,3
110,3
111,5
112,3
113,3
114,3
115,4
116,3
117,3
118,4
119,4
120,4
121,4
122,3
123,4
124,3
125,3
126,4
127,4
128,3
129,4
130,5
131,4
132,4
133,3
134,4
135,3
136,3
137,3
138,4
139,4
140,3
141,4
142,4
143,3
144,4
145,3
146,4
147,3
148,3
149,3
150,5
151,4
152,3
153,4
154,3
155,3
156,3
157,4
158,3
159,3
160,3
161,3
162,3
163,4
164,3
165,3
166,4
167,3
168,4
169,3
170,4
171,4
172,3
173,3
174,3
175,4
176,4
177,3
178,5
179,3
180,4
181,3
182,5
183,3
184,3
185,3
186,3
187,4
188,4
189,4
190,3
191,3
192,4
193,4
194,3
195,4
196,3
197,3
198,3
199,5
200,3
201,3
202,3
203,3
204,4
205,4
206,3
207,2
208,5
209,3
210,4
211,3
212,3
213,4
214,4
215,3
216,3
217,4
218,3
219,4
220,3
221,3
222,5
223,3
224,4
225,3
226,3
227,3
228,2
229,1
230,4
231,3
232,4
233,3
234,3
235,3
236,3
237,3
238,3
239,3
240,3
241,3
242,4
243,3
244,3
245,3
246,3
247,3
248,4
249,4
250,5
251,3
252,4
253,4
254,4
255,3
256,3
257,3
258,4
259,3
260,4
261,4
262,3
263,3
264,5
265,3
266,4
267,5
268,4
269,3
270,4
271,3
272,4
273,4
274,3
275,4
276,3
277,3
278,3
279,3
280,3
281,3
282,3
283,3
284,4
285,4
286,3
287,3
288,3
289,3
290,3
291,3
292,4
293,3
294,3
295,3
296,4
297,1
298,3
299,4
300,3
301,3
302,3
303,3
304,3
305,3
306,4
307,3
308,4
309,3
310,4
311,4
312,3
313,4
314,4
315,4
316,3
317,4
318,3
319,3
320,4
321,4
322,4
323,3
324,4
325,4
326,3
327,3
328,3
329,3
330,3
331,3
332,4
333,4
334,4
335,4
336,3
337,4
338,3
339,4
340,4
341,3
342,3
343,4
344,3
345,3
346,4
347,3
348,4
349,3
350,4
351,3
352,3
353,3
354,3
355,3
356,5
357,3
358,4
359,3
360,3
361,4
362,4
363,3
364,5
365,4
366,3
367,3
368,4
369,4
370,1
371,3
372,3
373,4
374,4
375,3
376,3
377,3
378,3
379,4
380,4
381,4
382,4
383,3
384,4
385,3
386,3
387,3
388,3
389,3
390,3
391,3
392,3
393,3
394,4
395,4
396,3
397,3
398,3
399,5
400,3
401,4
402,4
403,3
404,4
405,3
406,4
407,3
408,3
409,3
410,3
411,5
412,4
413,3
414,3
415,3
416,4
417,3
418,3
419,4
420,5
421,3
422,4
423,4
424,3
425,3
426,4
427,3
428,4
429,4
430,3
431,3
432,4
433,3
434,3
435,3
436,3
437,3
438,3
439,5
440,4
441,3
442,3
443,3
444,3
445,3
446,3
447,3
448,3
449,5
450,4
451,3
452,3
453,3
454,3
455,3
456,3
457,4
458,4
459,3
460,5
461,3
462,3
463,3
464,3
465,3
466,3
467,3
468,4
469,2
470,4
471,4
472,3
473,4
474,4
475,3
476,4
477,4
478,4
479,3
480,4
481,4
482,3
483,3
484,4
485,3
486,3
487,4
488,3
489,4
490,4
491,3
492,4
493,4
494,3
495,4
496,3
497,4
498,3
499,4
500,4
501,3
502,2
503,4
504,3
505,3
506,3
507,3
508,3
509,3
510,3
511,3
512,4
513,4
514,3
515,3
516,3
517,3
518,3
519,5
520,4
521,4
522,4
523,5
524,4
525,3
526,4
527,5
528,3
529,3
530,4
531,3
532,3
533,3
534,3
535,3
536,3
537,5
538,3
539,3
540,5
541,3
542,3
543,3
544,3
545,4
546,3
547,4
548,4
549,3
550,3
551,3
552,4
553,4
554,4
555,3
556,3
557,4
558,3
559,3
560,3
561,3
562,5
563,3
564,4
565,3
566,3
567,3
568,3
569,3
570,4
571,3
572,3
573,5
574,3
575,3
576,3
577,5
578,4
579,3
580,3
581,4
582,3
583,3
584,3
585,4
586,3
587,3
588,3
589,3
590,4
591,5
592,3
593,4
594,3
595,4
596,4
597,3
598,3
599,5
600,4
601,3
602,3
603,3
604,1
605,3
606,3
607,3
608,3
609,3
610,3
611,3
612,4
613,4
614,3
615,3
616,3
617,3
618,3
619,3
620,3
621,4
622,5
623,4
624,3
625,3
626,4
627,3
628,3
629,4
630,4
631,3
632,3
633,3
634,3
635,3
636,3
637,3
638,5
639,3
640,3
641,3
642,3
643,4
644,3
645,4
646,3
647,5
648,3
649,3
650,5
651,4
652,3
653,3
654,3
655,5
656,4
657,4
658,2
659,4
660,4
661,3
662,3
663,4
664,3
665,3
666,3
667,4
668,4
669,3
670,3
671,4
672,3
673,3
674,3
675,1
676,4
677,4
678,4
679,4
680,4
681,4
682,4
683,3
684,3
685,4
686,4
687,4
688,4
689,4
690,4
691,4
692,3
693,3
694,4
695,5
696,4
697,4
698,4
699,4
700,3
701,4
702,3
703,3
704,3
705,3
706,3
707,3
708,3
709,3
710,3
711,3
712,3
713,3
714,3
715,3
716,4
717,3
718,3
719,3
720,3
721,3
722,3
723,4
724,3
725,3
726,4
727,3
728,3
729,4
730,3
731,3
732,3
733,4
734,3
735,3
736,4
737,4
738,3
739,5
740,4
741,3
742,4
743,4
744,2
745,3
746,3
747,3
748,3
749,4
750,3
751,3
752,3
753,3
754,3
755,3
756,3
757,4
758,3
759,3
760,3
761,4
762,2
763,3
764,3
765,4
766,3
767,4
768,3
769,3
770,3
771,4
772,3
773,4
774,3
775,3
776,4
777,5
778,4
779,4
780,4
781,4
782,3
783,4
784,3
785,3
786,3
787,4
788,3
789,5
790,4
791,2
792,4
793,4
794,3
795,5
796,3
797,3
798,4
799,3
800,3
801,4
802,3
803,3
804,3
805,4
806,3
807,4
808,3
809,5
810,3
811,3
812,3
813,3
814,3
815,3
816,4
817,3
818,3
819,4
820,3
821,3
822,3
823,4
824,3
825,4
826,4
827,3
828,3
829,3
830,4
831,4
832,4
833,3
834,4
835,4
836,3
837,3
838,3
839,3
840,4
841,4
842,3
843,4
844,4
845,4
846,4
847,4
848,3
849,4
850,4
851,3
852,3
853,3
854,3
855,4
856,3
857,4
858,3
859,3
860,5
861,3
862,3
863,3
864,4
865,4
866,4
867,3
868,4
869,4
870,3
871,4
872,4
873,4
874,4
875,3
876,4
877,5
878,4
879,4
880,4
881,4
882,3
883,3
884,5
885,4
886,4
887,3
888,3
889,4
890,3
891,3
892,3
893,3
894,3
895,3
896,4
897,3
898,4
899,3
900,4
901,3
902,3
903,3
904,3
905,5
906,3
907,3
908,3
909,4
910,3
911,2
912,3
913,4
914,3
915,3
916,3
917,3
918,3
919,4
920,4
921,4
922,4
923,4
924,4
925,2
926,3
927,4
928,3
929,4
930,3
931,3
932,3
933,4
934,4
935,3
936,3
937,3
938,3
939,4
940,3
941,3
942,3
943,3
944,3
945,3
946,1
947,3
948,3
949,4
950,3
951,3
952,4
953,3
954,3
955,4
956,2
957,3
958,4
959,4
960,3
961,4
962,3
963,3
964,3
965,3
966,4
967,3
968,3
969,3
970,4
971,3
972,3
973,3
974,3
975,3
976,5
977,3
978,1
979,4
980,3
981,3
982,4
983,4
984,5
985,3
986,3
987,4
988,3
989,3
990,3
991,3
992,3
993,3
994,4
995,4
996,4
997,4
998,3
999,3
1000,3
1001,2
1002,4
1003,3
1004,4
1005,3
1006,3
1007,4
1008,4
1009,3
1010,4
1011,3
1012,3
1013,4
1014,1
1015,3
1016,5
1017,4
1018,3
1019,4
1020,4
1021,4
1022,3
1023,5
1024,4
1025,4
1026,3
1027,4
1028,3
1029,3
1030,4
1031,3
1032,4
1033,4
1034,4
1035,3
1036,3
1037,3
1038,4
1039,3
1040,3
1041,3
1042,4
1043,4
1044,3
1045,3
1046,3
1047,3
1048,3
1049,4
1050,3
1051,3
1052,3
1053,3
1054,3
1055,5
1056,4
1057,5
1058,5
1059,3
1060,3
1061,3
1062,4
1063,3
1064,3
1065,3
1066,4
1067,4
1068,3
1069,3
1070,5
1071,3
1072,3
1073,3
1074,3
1075,3
1076,4
1077,3
1078,4
1079,5
1080,3
1081,4
1082,2
1083,4
1084,3
1085,4
1086,3
1087,4
1088,4
1089,3
1090,5
1091,3
1092,4
1093,3
1094,5
1095,4
1096,3
1097,3
1098,4
1099,3
1100,4
1101,3
1102,4
1103,3
1104,3
1105,3
1106,3
1107,4
1108,3
1109,3
1110,3
1111,5
1112,3
1113,4
1114,3
1115,4
1116,3
1117,3
1118,5
1119,4
1120,3
1121,3
1122,3
1123,3
1124,4
1125,4
1126,4
1127,3
1128,3
1129,3
1130,3
1131,3
1132,3
1133,3
1134,3
1135,3
1136,3
1137,4
1138,3
1139,4
1140,3
1141,4
1142,3
1143,3
1144,3
1145,3
1146,3
1147,3
1148,3
1149,3
1150,5
1151,5
1152,4
1153,3
1154,3
1155,4
1156,5
1157,3
1158,3
1159,3
1160,4
1161,4
1162,3
1163,3
1164,5
1165,4
1166,3
1167,3
1168,3
1169,3
1170,4
1171,4
1172,4
1173,4
1174,3
1175,4
1176,3
1177,3
1178,3
1179,4
1180,3
1181,3
1182,3
1183,4
1184,4
1185,3
1186,3
1187,3
1188,4
1189,3
1190,4
1191,3
1192,4
1193,4
1194,4
1195,3
1196,3
1197,4
1198,4
1199,3
1200,3
1201,5
1202,4
1203,3
1204,3
1205,4
1206,3
1207,3
1208,3
1209,4
1210,4
1211,4
1212,3
1213,4
1214,4
1215,4
1216,4
1217,3
1218,3
1219,4
1220,4
1221,3
1222,3
1223,4
1224,3
1225,3
1226,4
1227,3
1228,4
1229,3
1230,3
1231,5
1232,4
1233,3
1234,3
1235,4
1236,3
1237,3
1238,4
1239,3
1240,4
1241,4
1242,4
1243,4
1244,5
1245,3
1246,4
1247,3
1248,4
1249,3
1250,3
1251,4
1252,3
1253,5
1254,4
1255,3
1256,3
1257,4
1258,4
1259,3
1260,3
1261,3
1262,3
1263,4
1264,2
1265,4
1266,3
1267,3
1268,3
1269,4
1270,4
1271,4
1272,3
1273,3
1274,4
1275,3
1276,4
1277,3
1278,2
1279,3
1280,3
1281,4
1282,4
1283,4
1284,4
1285,3
1286,3
1287,4
1288,4
1289,2
1290,3
1291,3
1292,3
1293,4
1294,3
1295,4
1296,5
1297,4
1298,4
1299,4
1300,4
1301,3
1302,4
1303,2
1304,3
1305,4
1306,4
1307,4
1308,3
1309,3
1310,3
1311,3
1312,3
1313,3
1314,4
1315,3
1316,4
1317,3
1318,4
1319,4
1320,3
1321,3
1322,3
1323,3
1324,3
1325,3
1326,4
1327,4
1328,4
1329,3
1330,4
1331,3
1332,3
1333,4
1334,3
1335,3
1336,4
1337,4
1338,4
1339,3
1340,3
1341,3
1342,5
1343,4
1344,3
1345,3
1346,3
1347,3
1348,3
1349,3
1350,4
1351,4
1352,4
1353,3
1354,3
1355,4
1356,4
1357,4
1358,4
1359,2
1360,3
1361,3
1362,3
1363,3
1364,3
1365,5
1366,3
1367,3
1368,4
1369,4
1370,4
1371,3
1372,3
1373,4
1374,4
1375,4
1376,3
1377,3
1378,3
1379,3
1380,4
1381,4
1382,3
1383,3
1384,3
1385,5
1386,4
1387,3
1388,3
1389,4
1390,3
1391,3
1392,3
1393,3
1394,3
1395,3
1396,4
1397,4
1398,3
1399,3
1400,3
1401,4
1402,4
1403,5
1404,3
1405,4
1406,3
1407,3
1408,4
1409,3
1410,4
1411,3
1412,3
1413,1
1414,3
1415,3
1416,3
1417,4
1418,3
1419,3
1420,4
1421,4
1422,4
1423,3
1424,4
1425,3
1426,4
1427,3
1428,3
1429,3
1430,3
1431,3
1432,3
1433,4
1434,4
1435,4
1436,4
1437,3
1438,4
1439,3
1440,4
1441,3
1442,3
1443,3
1444,3
1445,3
1446,3
1447,4
1448,4
1449,3
1450,4
1451,4
1452,3
1453,3
1454,3
1455,3
1456,4
1457,3
1458,3
1459,4
1460,4
1461,3
1462,4
1463,3
1464,3
1465,3
1466,3
1467,3
1468,3
1469,3
1470,4
1471,3
1472,3
1473,4
1474,4
1475,3
1476,4
1477,3
1478,4
1479,3
1480,3
1481,5
1482,3
1483,3
1484,3
1485,3
1486,3
1487,3
1488,3
1489,3
1490,3
1491,3
1492,3
1493,3
1494,3
1495,3
1496,3
1497,3
1498,3
1499,3
1500,4
1501,3
1502,3
1503,3
1504,3
1505,4
1506,3
1507,3
1508,3
1509,3
1510,3
1511,5
1512,4
1513,4
1514,2
1515,3
1516,3
1517,3
1518,4
1519,4
1520,3
1521,3
1522,3
1523,3
1524,4
1525,3
1526,4
1527,3
1528,4
1529,4
1530,3
1531,3
1532,4
1533,4
1534,4
1535,3
1536,3
1537,3
1538,3
1539,3
1540,4
1541,4
1542,4
1543,3
1544,4
1545,3
1546,3
1547,3
1548,3
1549,3
1550,3
1551,4
1552,3
1553,3
1554,4
1555,3
1556,3
1557,4
1558,4
1559,4
1560,4
1561,4
1562,4
1563,3
1564,4
1565,4
1566,3
1567,4
1568,3
1569,3
1570,4
1571,4
1572,3
1573,4
1574,3
1575,4
1576,5
1577,4
1578,3
1579,3
1580,4
1581,3
1582,3
1583,3
1584,3
1585,3
1586,3
1587,5
1588,3
1589,3
1590,3
1591,3
1592,3
1593,3
1594,2
1595,3
1596,5
1597,3
1598,4
1599,3
1600,2
1601,4
1602,4
1603,3
1604,4
1605,4
1606,5
1607,2
1608,3
1609,3
1610,5
1611,4
1612,4
1613,4
1614,4
1615,3
1616,3
1617,3
1618,4
1619,4
1620,4
1621,4
1622,3
1623,3
1624,3
1625,3
1626,4
1627,3
1628,4
1629,4
1630,3
1631,4
1632,3
1633,3
1634,4
1635,4
1636,2
1637,3
1638,3
1639,3
1640,3
1641,3
1642,3
1643,4
1644,4
1645,4
1646,3
1647,4
1648,4
1649,3
1650,3
1651,2
1652,3
1653,3
1654,4
1655,4
1656,3
1657,3
1658,4
1659,3
1660,4
1661,5
1662,3
1663,3
1664,3
1665,5
1666,3
1667,4
1668,3
1669,4
1670,3
1671,4
1672,3
1673,4
1674,4
1675,4
1676,4
1677,3
1678,3
1679,3
1680,4
1681,3
1682,4
1683,3
1684,3
1685,4
1686,4
1687,4
1688,3
1689,3
1690,4
1691,4
1692,3
1693,4
1694,3
1695,3
1696,4
1697,4
1698,5
1699,4
1700,5
1701,4
1702,3
1703,3
1704,3
1705,4
1706,3
1707,3
1708,2
1709,4
1710,4
1711,5
1712,3
1713,3
1714,3
1715,2
1716,3
1717,3
1718,3
1719,3
1720,3
1721,3
1722,3
1723,4
1724,4
1725,4
1726,3
1727,4
1728,4
1729,4
1730,3
1731,4
1732,3
1733,4
1734,3
1735,5
1736,4
1737,4
1738,3
1739,4
1740,4
1741,3
1742,3
1743,3
1744,5
1745,3
1746,4
1747,4
1748,4
1749,3
1750,3
1751,4
1752,3
1753,4
1754,3
1755,4
1756,4
1757,3
1758,3
1759,3
1760,3
1761,3
1762,4
1763,4
1764,3
1765,3
1766,4
1767,4
1768,3
1769,5
1770,3
1771,3
1772,4
1773,3
1774,3
1775,3
1776,3
1777,4
1778,3
1779,3
1780,4
1781,3
1782,3
1783,3
1784,3
1785,4
1786,3
1787,3
1788,4
1789,4
1790,3
1791,3
1792,3
1793,3
1794,4
1795,4
1796,4
1797,4
1798,4
1799,4
1800,3
1801,3
1802,4
1803,4
1804,3
1805,4
1806,3
1807,4
1808,3
1809,3
1810,4
1811,3
1812,4
1813,3
1814,3
1815,4
1816,3
1817,3
1818,5
1819,5
1820,3
1821,3
1822,3
1823,3
1824,4
1825,4
1826,4
1827,4
1828,3
1829,3
1830,3
1831,3
1832,3
1833,4
1834,2
1835,4
1836,4
1837,4
1838,4
1839,3
1840,3
1841,4
1842,3
1843,3
1844,4
1845,3
1846,3
1847,3
1848,3
1849,4
1850,3
1851,3
1852,3
1853,3
1854,5
1855,4
1856,4
1857,4
1858,3
1859,3
1860,3
1861,3
1862,4
1863,4
1864,4
1865,3
1866,3
1867,3
1868,3
1869,1
1870,4
1871,4
1872,4
1873,4
1874,5
1875,4
1876,3
1877,3
1878,3
1879,4
1880,3
1881,3
1882,4
1883,3
1884,5
1885,4
1886,3
1887,3
1888,3
1889,4
1890,3
1891,3
1892,4
1893,3
1894,4
1895,4
1896,4
1897,4
1898,3
1899,4
1900,4
1901,4
1902,4
1903,4
1904,4
1905,4
1906,3
1907,4
1908,4
1909,3
1910,3
1911,3
1912,4
1913,4
1914,3
1915,3
1916,3
1917,5
1918,3
1919,2
1920,3
1921,3
1922,3
1923,3
1924,4
1925,3
1926,4
1927,4
1928,4
1929,3
1930,3
1931,3
1932,3
1933,5
1934,4
1935,3
1936,3
1937,3
1938,3
1939,3
1940,3
1941,4
1942,3
1943,3
1944,3
1945,4
1946,3
1947,3
1948,3
1949,3
1950,4
1951,4
1952,4
1953,3
1954,3
1955,3
1956,2
1957,4
1958,3
1959,3
1960,4
1961,3
1962,3
1963,4
1964,4
1965,4
1966,3
1967,3
1968,3
1969,4
1970,3
1971,5
1972,3
1973,5
1974,4
1975,4
1976,4
1977,3
1978,4
1979,3
1980,4
1981,4
1982,3
1983,4
1984,4
1985,4
1986,4
1987,3
1988,3
1989,3
1990,3
1991,3
1992,3
1993,3
1994,3
1995,3
1996,4
1997,5
1998,3
1999,3
2000,4
2001,3
2002,4
2003,3
2004,3
2005,3
2006,4
2007,3
2008,3
2009,3
2010,3
2011,3
2012,3
2013,3
2014,4
2015,3
2016,3
2017,4
2018,3
2019,3
2020,4
2021,3
2022,3
2023,3
2024,3
2025,4
2026,3
2027,3
2028,4
2029,4
2030,4
2031,3
2032,3
2033,4
2034,4
2035,3
2036,3
2037,4
2038,4
2039,3
2040,5
2041,4
2042,4
2043,3
2044,3
2045,3
2046,3
2047,4
2048,3
2049,4
2050,4
2051,4
2052,3
2053,3
2054,4
2055,3
2056,3
2057,3
2058,4
2059,3
2060,3
2061,4
2062,4
2063,3
2064,3
2065,5
2066,5
2067,4
2068,3
2069,4
2070,3
2071,4
2072,3
2073,3
2074,5
2075,3
2076,3
2077,4
2078,3
2079,2
2080,3
2081,5
2082,5
2083,3
2084,4
2085,4
2086,4
2087,4
2088,3
2089,3
2090,3
2091,3
2092,3
2093,3
2094,3
2095,4
2096,4
2097,3
2098,4
2099,3
2100,4
2101,3
2102,4
2103,3
2104,4
2105,4
2106,3
2107,3
2108,3
2109,4
2110,3
2111,3
2112,3
2113,3
2114,3
2115,3
2116,4
2117,4
2118,3
2119,4
2120,4
2121,4
2122,4
2123,3
2124,3
2125,3
2126,2
2127,3
2128,3
2129,3
2130,3
2131,3
2132,4
2133,3
2134,3
2135,3
2136,4
2137,4
2138,4
2139,4
2140,3
2141,5
2142,3
2143,3
2144,4
2145,3
2146,3
2147,4
2148,4
2149,4
2150,4
2151,4
2152,4
2153,4
2154,3
2155,3
2156,3
2157,4
2158,5
2159,4
2160,4
2161,3
2162,3
2163,3
2164,4
2165,3
2166,3
2167,4
2168,3
2169,3
2170,3
2171,3
2172,3
2173,3
2174,4
2175,1
2176,4
2177,4
2178,3
2179,4
2180,4
2181,3
2182,4
2183,3
2184,3
2185,3
2186,3
2187,4
2188,3
2189,4
2190,3
2191,4
2192,3
2193,3
2194,3
2195,3
2196,3
2197,3
2198,3
2199,3
2200,4
2201,3
2202,3
2203,3
2204,4
2205,3
2206,3
2207,3
2208,3
2209,3
2210,3
2211,3
2212,3
2213,3
2214,4
2215,4
2216,2
2217,3
2218,3
2219,3
2220,3
2221,3
2222,4
2223,5
2224,3
2225,3
2226,3
2227,3
2228,3
2229,3
2230,3
2231,3
2232,3
2233,2
2234,3
2235,4
2236,2
2237,4
2238,3
2239,4
2240,4
2241,4
2242,3
2243,3
2244,3
2245,3
2246,3
2247,3
2248,5
2249,4
2250,3
2251,4
2252,3
2253,3
2254,3
2255,3
2256,4
2257,3
2258,5
2259,4
2260,4
2261,3
2262,3
2263,3
2264,4
2265,3
2266,4
2267,4
2268,4
2269,4
2270,4
2271,3
2272,3
2273,3
2274,4
2275,3
2276,3
2277,3
2278,3
2279,3
2280,3
2281,3
2282,4
2283,3
2284,3
2285,4
2286,3
2287,3
2288,4
2289,4
2290,4
2291,3
2292,3
2293,5
2294,3
2295,3
2296,4
2297,4
2298,3
2299,3
2300,4
2301,3
2302,3
2303,3
2304,2
2305,4
2306,4
2307,4
2308,4
2309,4
2310,3
2311,3
2312,3
2313,3
2314,3
2315,3
2316,3
2317,2
2318,3
2319,3
2320,3
2321,4
2322,3
2323,4
2324,5
2325,3
2326,4
2327,3
2328,3
2329,4
2330,4
2331,3
2332,4
2333,3
2334,3
2335,4
2336,3
2337,3
2338,4
2339,3
2340,3
2341,3
2342,3
2343,3
2344,4
2345,3
2346,3
2347,3
2348,3
2349,4
2350,3
2351,3
2352,4
2353,4
2354,3
2355,3
2356,4
2357,4
2358,4
2359,3
2360,3
2361,3
2362,3
2363,4
2364,4
2365,3
2366,4
2367,3
2368,4
2369,3
2370,4
2371,3
2372,3
2373,4
2374,4
2375,3
2376,3
2377,3
2378,3
2379,4
2380,3
2381,3
2382,3
2383,4
2384,3
2385,3
2386,4
2387,3
2388,3
2389,3
2390,3
2391,4
2392,4
2393,4
2394,3
2395,3
2396,4
2397,3
2398,4
2399,4
2400,3
2401,5
2402,3
2403,3
2404,3
2405,4
2406,3
2407,3
2408,4
2409,4
2410,3
2411,3
2412,4
2413,3
2414,3
2415,4
2416,3
2417,3
2418,3
2419,4
2420,3
2421,3
2422,3
2423,3
2424,5
2425,4
2426,4
2427,3
2428,3
2429,3
2430,4
2431,3
2432,3
2433,4
2434,4
2435,4
2436,4
2437,5
2438,3
2439,3
2440,4
2441,4
2442,3
2443,4
2444,3
2445,4
2446,4
2447,1
2448,5
2449,3
2450,4
2451,3
2452,3
2453,3
2454,3
2455,4
2456,4
2457,3
2458,3
2459,3
2460,3
2461,4
2462,3
2463,3
2464,4
2465,3
2466,3
2467,3
2468,3
2469,4
2470,3
2471,4
2472,3
2473,3
2474,3
2475,4
2476,4
2477,4
2478,3
2479,5
2480,3
2481,3
2482,3
2483,3
2484,3
2485,3
2486,4
2487,3
2488,3
2489,3
2490,4
2491,3
2492,4
2493,3
2494,3
2495,3
2496,4
2497,3
2498,4
2499,3
2500,3
2501,4
2502,3
2503,4
2504,1
2505,3
2506,3
2507,3
2508,3
2509,3
2510,3
2511,4
2512,3
2513,3
2514,4
2515,5
2516,3
2517,3
2518,3
2519,3
2520,4
2521,4
2522,3
2523,3
2524,4
2525,3
2526,3
2527,3
2528,3
2529,4
2530,3
2531,3
2532,3
2533,3
2534,3
2535,3
2536,4
2537,4
2538,3
2539,3
2540,3
2541,3
2542,3
2543,4
2544,4
2545,4
2546,3
2547,3
2548,4
2549,3
2550,4
2551,5
2552,4
2553,3
2554,2
2555,3
2556,4
2557,4
2558,3
2559,4
2560,3
2561,4
2562,4
2563,3
2564,4
2565,4
2566,5
2567,3
2568,3
2569,3
2570,3
2571,4
2572,4
2573,3
2574,4
2575,4
2576,3
2577,3
2578,3
2579,4
2580,3
2581,3
2582,5
2583,3
2584,3
2585,3
2586,3
2587,5
2588,4
2589,3
2590,3
2591,3
2592,3
2593,4
2594,3
2595,5
2596,3
2597,3
2598,3
2599,3
2600,3
2601,3
2602,4
2603,4
2604,3
2605,4
2606,3
2607,3
2608,4
2609,3
2610,4
2611,3
2612,3
2613,3
2614,3
2615,4
2616,1
2617,4
2618,3
2619,3
2620,3
2621,3
2622,4
2623,4
2624,3
2625,3
2626,4
2627,3
2628,5
2629,4
2630,4
2631,4
2632,4
2633,4
2634,3
2635,3
2636,3
2637,3
2638,3
2639,3
2640,3
2641,5
2642,4
2643,3
2644,3
2645,3
2646,4
2647,4
2648,4
2649,4
2650,3
2651,3
2652,3
2653,3
2654,3
2655,4
2656,4
2657,4
2658,3
2659,5
2660,3
2661,4
2662,4
2663,3
2664,4
2665,4
2666,4
2667,3
2668,3
2669,4
2670,3
2671,4
2672,4
2673,3
2674,3
2675,5
2676,3
2677,4
2678,3
2679,3
2680,4
2681,3
2682,4
2683,4
2684,3
2685,4
2686,4
2687,4
2688,3
2689,3
2690,4
2691,3
2692,3
2693,3
2694,4
2695,4
2696,3
2697,3
2698,5
2699,4
2700,3
2701,3
2702,3
2703,2
2704,2
2705,3
2706,3
2707,5
2708,3
2709,3
2710,3
2711,3
2712,3
2713,3
2714,3
2715,5
2716,3
2717,3
2718,3
2719,4
2720,4
2721,4
2722,4
2723,4
2724,4
2725,4
2726,3
2727,3
2728,3
2729,3
2730,4
2731,2
2732,4
2733,3
2734,4
2735,4
2736,4
2737,3
2738,3
2739,5
2740,4
2741,3
2742,3
2743,3
2744,3
2745,3
2746,3
2747,3
2748,3
2749,3
2750,3
2751,5
2752,4
2753,3
2754,4
2755,3
2756,4
2757,3
2758,3
2759,3
2760,4
2761,3
2762,3
2763,3
2764,3
2765,3
2766,3
2767,3
2768,3
2769,4
2770,3
2771,3
2772,3
2773,4
2774,4
2775,3
2776,4
2777,3
2778,3
2779,5
2780,3
2781,3
2782,3
2783,4
2784,3
2785,3
2786,3
2787,3
2788,4
2789,3
2790,4
2791,3
2792,3
2793,4
2794,4
2795,4
2796,3
2797,3
2798,3
2799,4
2800,3
2801,3
2802,3
2803,4
2804,3
2805,3
2806,3
2807,3
2808,4
2809,4
2810,4
2811,3
2812,3
2813,3
2814,3
2815,4
2816,4
2817,4
2818,3
2819,4
2820,3
2821,3
2822,3
2823,3
2824,3
2825,4
2826,4
2827,3
2828,3
2829,3
2830,3
2831,5
2832,3
2833,4
2834,3
2835,3
2836,3
2837,3
2838,3
2839,4
2840,3
2841,4
2842,4
2843,4
2844,4
2845,4
2846,4
2847,3
2848,3
2849,3
2850,3
2851,3
2852,4
2853,4
2854,4
2855,4
2856,4
2857,3
2858,3
2859,3
2860,2
2861,3
2862,4
2863,3
2864,4
2865,3
2866,3
2867,3
2868,4
2869,3
2870,3
2871,4
2872,4
2873,4
2874,3
2875,3
2876,3
2877,4
2878,3
2879,3
2880,4
2881,4
2882,3
2883,3
2884,4
2885,3
2886,3
2887,4
2888,4
2889,4
2890,4
2891,4
2892,4
2893,3
2894,4
2895,3
2896,4
2897,3
2898,4
2899,3
2900,5
2901,3
2902,1
2903,4
2904,3
2905,4
2906,3
2907,3
2908,3
2909,3
2910,3
2911,3
2912,4
2913,3
2914,5
2915,4
2916,3
2917,3
2918,4
2919,3
2920,3
2921,3
2922,4
2923,3
2924,3
2925,3
2926,3
2927,3
2928,3
2929,3
2930,4
2931,3
2932,4
2933,3
2934,3
2935,5
2936,3
2937,3
2938,3
2939,4
2940,4
2941,3
2942,3
2943,4
2944,5
2945,3
2946,3
2947,3
2948,4
2949,5
2950,3
2951,3
2952,4
2953,4
2954,3
2955,5
2956,4
2957,3
2958,3
2959,3
2960,4
2961,3
2962,3
2963,3
2964,4
2965,3
2966,3
2967,4
2968,3
2969,3
2970,4
2971,3
2972,4
2973,3
2974,3
2975,5
2976,4
2977,3
2978,3
2979,1
2980,4
2981,4
2982,4
2983,3
2984,3
2985,3
2986,3
2987,3
2988,4
2989,3
2990,3
2991,3
2992,3
2993,4
2994,3
2995,3
2996,3
2997,3
2998,3
2999,4
3000,3
3001,4
3002,4
3003,3
3004,4
3005,4
3006,3
3007,3
3008,4
3009,5
3010,4
3011,3
3012,3
3013,3
3014,3
3015,3
3016,4
3017,4
3018,4
3019,3
3020,3
3021,3
3022,4
3023,4
3024,4
3025,5
3026,4
3027,3
3028,3
3029,4
3030,3
3031,3
3032,4
3033,3
3034,3
3035,3
3036,4
3037,4
3038,3
3039,3
3040,4
3041,4
3042,4
3043,1
3044,4
3045,3
3046,3
3047,4
3048,4
3049,4
3050,3
3051,4
3052,4
3053,4
3054,5
3055,4
3056,4
3057,4
3058,3
3059,3
3060,4
3061,3
3062,3
3063,3
3064,3
3065,3
3066,3
3067,4
3068,4
3069,3
3070,4
3071,4
3072,4
3073,3
3074,5
3075,3
3076,4
3077,4
3078,3
3079,3
3080,3
3081,3
3082,3
3083,4
3084,3
3085,4
3086,3
3087,3
3088,4
3089,3
3090,3
3091,4
3092,3
3093,3
3094,3
3095,3
3096,4
3097,4
3098,3
3099,4
3100,3
3101,3
3102,3
3103,4
3104,3
3105,4
3106,3
3107,3
3108,3
3109,4
3110,4
3111,3
3112,4
3113,3
3114,3
3115,3
3116,4
3117,4
3118,3
3119,4
3120,3
3121,3
3122,3
3123,2
3124,3
3125,3
3126,4
3127,4
3128,5
3129,3
3130,4
3131,4
3132,3
3133,4
3134,4
3135,3
3136,4
3137,3
3138,3
3139,2
3140,5
3141,3
3142,3
3143,3
3144,3
3145,3
3146,4
3147,4
3148,3
3149,4
3150,3
3151,4
3152,5
3153,3
3154,3
3155,3
3156,4
3157,4
3158,4
3159,5
3160,4
3161,4
3162,3
3163,4
3164,4
3165,3
3166,4
3167,4
3168,3
3169,3
3170,3
3171,3
3172,3
3173,4
3174,4
3175,3
3176,3
3177,4
3178,4
3179,3
3180,3
3181,3
3182,3
3183,3
3184,3
3185,3
3186,4
3187,4
3188,4
3189,3
3190,5
3191,5
3192,4
3193,4
3194,3
3195,3
3196,4
3197,4
3198,5
3199,4
3200,3
3201,3
3202,3
3203,4
3204,3
3205,4
3206,5
3207,4
3208,5
3209,3
3210,4
3211,3
3212,3
3213,3
3214,3
3215,4
3216,4
3217,4
3218,3
3219,3
3220,3
3221,3
3222,4
3223,3
3224,4
3225,4
3226,3
3227,4
3228,3
3229,4
3230,4
3231,3
3232,4
3233,4
3234,3
3235,3
3236,4
3237,5
3238,3
3239,4
3240,5
3241,3
3242,4
3243,4
3244,4
3245,3
3246,3
3247,3
3248,4
3249,4
3250,4
3251,4
3252,3
3253,3
3254,4
3255,3
3256,4
3257,4
3258,4
3259,3
3260,4
3261,5
3262,2
3263,3
3264,4
3265,3
3266,4
3267,4
3268,4
3269,4
3270,4
3271,4
3272,3
3273,5
3274,3
3275,3
3276,3
3277,3
3278,2
3279,3
3280,3
3281,3
3282,4
3283,3
3284,4
3285,3
3286,3
3287,5
3288,3
3289,4
3290,4
3291,3
3292,4
3293,3
3294,3
3295,3
3296,4
3297,4
3298,3
3299,3
3300,4
3301,3
3302,2
3303,3
3304,4
3305,3
3306,3
3307,3
3308,5
3309,4
3310,3
3311,3
3312,3
3313,3
3314,3
3315,3
3316,5
3317,3
3318,3
3319,4
3320,3
3321,3
3322,5
3323,3
3324,3
3325,4
3326,3
3327,3
3328,3
3329,3
3330,4
3331,3
3332,3
3333,4
3334,3
3335,5
3336,3
3337,3
3338,4
3339,3
3340,3
3341,4
3342,3
3343,3
3344,3
3345,4
3346,4
3347,3
3348,3
3349,3
3350,4
3351,4
3352,4
3353,4
3354,3
3355,3
3356,3
3357,4
3358,4
3359,3
3360,5
3361,3
3362,3
3363,4
3364,3
3365,3
3366,3
3367,4
3368,3
3369,4
3370,4
3371,4
3372,4
3373,3
3374,3
3375,3
3376,3
3377,3
3378,3
3379,5
3380,3
3381,3
3382,3
3383,4
3384,3
3385,4
3386,3
3387,3
3388,4
3389,3
3390,3
3391,4
3392,3
3393,3
3394,4
3395,4
3396,3
3397,3
3398,3
3399,3
3400,3
3401,3
3402,3
3403,3
3404,3
3405,3
3406,5
3407,3
3408,4
3409,4
3410,4
3411,4
3412,3
3413,3
3414,3
3415,5
3416,3
3417,3
3418,4
3419,4
3420,3
3421,3
3422,4
3423,4
3424,3
3425,3
3426,4
3427,4
3428,3
3429,3
3430,4
3431,3
3432,4
3433,3
3434,3
3435,4
3436,3
3437,3
3438,3
3439,3
3440,3
3441,4
3442,4
3443,3
3444,3
3445,4
3446,4
3447,3
3448,3
3449,3
3450,4
3451,4
3452,4
3453,4
3454,4
3455,3
3456,3
3457,5
3458,4
3459,3
3460,2
3461,3
3462,3
3463,4
3464,3
3465,3
3466,4
3467,4
3468,3
3469,3
3470,3
3471,3
3472,4
3473,3
3474,3
3475,4
3476,4
3477,3
3478,4
3479,4
3480,2
3481,5
3482,3
3483,5
3484,3
3485,3
3486,4
3487,4
3488,3
3489,5
3490,3
3491,4
3492,4
3493,3
3494,4
3495,3
3496,3
3497,4
3498,4
3499,3
3500,3
3501,3
3502,4
3503,3
3504,4
3505,3
3506,4
3507,3
3508,3
3509,3
3510,3
3511,3
3512,5
3513,4
3514,4
3515,3
3516,3
3517,4
3518,3
3519,4
3520,3
3521,4
3522,3
3523,3
3524,3
3525,3
3526,3
3527,5
3528,3
3529,4
3530,5
3531,3
3532,3
3533,3
3534,3
3535,3
3536,3
3537,3
3538,4
3539,3
3540,3
3541,3
3542,4
3543,3
3544,4
3545,4
3546,4
3547,4
3548,3
3549,3
3550,4
3551,3
3552,3
3553,4
3554,4
3555,3
3556,3
3557,4
3558,3
3559,4
3560,4
3561,4
3562,3
3563,3
3564,4
3565,3
3566,3
3567,3
3568,4
3569,4
3570,4
3571,3
3572,4
3573,3
3574,3
3575,3
3576,5
3577,4
3578,3
3579,4
3580,3
3581,3
3582,3
3583,3
3584,4
3585,4
3586,3
3587,4
3588,4
3589,3
3590,4
3591,3
3592,3
3593,3
3594,3
3595,4
3596,5
3597,4
3598,2
3599,3
3600,3
3601,3
3602,4
3603,4
3604,4
3605,4
3606,3
3607,3
3608,4
3609,4
3610,3
3611,3
3612,4
3613,5
3614,3
3615,4
3616,3
3617,4
3618,4
3619,4
3620,4
3621,3
3622,3
3623,4
3624,3
3625,3
3626,3
3627,3
3628,3
3629,3
3630,3
3631,5
3632,4
3633,5
3634,3
3635,3
3636,3
3637,3
3638,3
3639,3
3640,3
3641,4
3642,4
3643,4
3644,3
3645,4
3646,3
3647,3
3648,3
3649,4
3650,3
3651,4
3652,3
3653,4
3654,4
3655,5
3656,3
3657,3
3658,3
3659,5
3660,4
3661,3
3662,4
3663,4
3664,4
3665,3
3666,2
3667,3
3668,3
3669,5
3670,3
3671,5
3672,3
3673,3
3674,4
3675,5
3676,4
3677,4
3678,4
3679,2
3680,3
3681,5
3682,4
3683,3
3684,4
3685,3
3686,3
3687,3
3688,4
3689,5
3690,4
3691,4
3692,3
3693,3
3694,4
3695,4
3696,4
3697,3
3698,3
3699,3
3700,3
3701,3
3702,4
3703,4
3704,5
3705,3
3706,3
3707,4
3708,3
3709,4
3710,5
3711,3
3712,3
3713,4
3714,4
3715,3
3716,4
3717,2
3718,3
3719,3
3720,4
3721,4
3722,3
3723,3
3724,5
3725,3
3726,4
3727,4
3728,4
3729,3
3730,4
3731,4
3732,4
3733,3
3734,4
3735,3
3736,4
3737,3
3738,3
3739,3
3740,4
3741,5
3742,4
3743,3
3744,3
3745,2
3746,4
3747,3
3748,3
3749,4
3750,3
3751,4
3752,2
3753,5
3754,5
3755,4
3756,4
3757,4
3758,3
3759,4
3760,4
3761,4
3762,3
3763,4
3764,3
3765,3
3766,3
3767,3
3768,3
3769,4
3770,3
3771,3
3772,4
3773,4
3774,5
3775,3
3776,3
3777,3
3778,4
3779,5
3780,4
3781,3
3782,3
3783,4
3784,3
3785,3
3786,5
3787,3
3788,4
3789,4
3790,3
3791,4
3792,3
3793,3
3794,3
3795,3
3796,4
3797,3
3798,3
3799,4
3800,3
3801,5
3802,3
3803,3
3804,5
3805,3
3806,2
3807,3
3808,4
3809,3
3810,3
3811,3
3812,3
3813,4
3814,4
3815,3
3816,3
3817,3
3818,3
3819,3
3820,3
3821,3
3822,4
3823,3
3824,3
3825,3
3826,4
3827,3
3828,3
3829,3
3830,3
3831,4
3832,4
3833,3
3834,3
3835,3
3836,4
3837,4
3838,5
3839,3
3840,4
3841,4
3842,4
3843,3
3844,3
3845,3
3846,4
3847,4
3848,4
3849,4
3850,2
3851,5
3852,3
3853,3
3854,3
3855,3
3856,4
3857,3
3858,4
3859,3
3860,3
3861,3
3862,5
3863,3
3864,5
3865,4
3866,3
3867,5
3868,3
3869,3
3870,3
3871,3
3872,2
3873,4
3874,3
3875,3
3876,4
3877,3
3878,3
3879,4
3880,4
3881,3
3882,3
3883,3
3884,3
3885,2
3886,4
3887,3
3888,2
3889,4
3890,3
3891,4
3892,4
3893,4
3894,3
3895,3
3896,3
3897,4
3898,4
3899,3
3900,5
3901,3
3902,3
3903,3
3904,4
3905,4
3906,4
3907,3
3908,3
3909,4
3910,3
3911,3
3912,4
3913,3
3914,4
3915,4
3916,4
3917,3
3918,5
3919,4
3920,3
3921,4
3922,3
3923,3
3924,4
3925,3
3926,4
3927,3
3928,3
3929,3
3930,3
3931,5
3932,3
3933,4
3934,4
3935,5
3936,3
3937,3
3938,4
3939,3
3940,4
3941,3
3942,3
3943,3
3944,3
3945,4
3946,4
3947,4
3948,4
3949,5
3950,3
3951,4
3952,4
3953,3
3954,3
3955,4
3956,4
3957,3
3958,4
3959,3
3960,3
3961,3
3962,5
3963,5
3964,4
3965,3
3966,4
3967,3
3968,3
3969,4
3970,3
3971,3
3972,5
3973,4
3974,5
3975,2
3976,3
3977,4
3978,4
3979,4
3980,3
3981,4
3982,3
3983,5
3984,3
3985,3
3986,4
3987,3
3988,3
3989,3
3990,4
3991,4
3992,3
3993,3
3994,4
3995,3
3996,3
3997,3
3998,4
3999,3
4000,4
4001,4
4002,3
4003,3
4004,3
4005,4
4006,3
4007,3
4008,4
4009,3
4010,3
4011,4
4012,3
4013,3
4014,3
4015,2
4016,3
4017,4
4018,3
4019,3
4020,3
4021,3
4022,3
4023,4
4024,3
4025,3
4026,4
4027,4
4028,3
4029,4
4030,3
4031,4
4032,3
4033,3
4034,4
4035,3
4036,3
4037,4
4038,3
4039,3
4040,4
4041,3
4042,3
4043,4
4044,4
4045,4
4046,3
4047,3
4048,3
4049,3
4050,4
4051,3
4052,4
4053,3
4054,3
4055,4
4056,3
4057,3
4058,4
4059,3
4060,3
4061,3
4062,3
4063,3
4064,4
4065,4
4066,5
4067,3
4068,3
4069,4
4070,2
4071,3
4072,4
4073,3
4074,4
4075,3
4076,4
4077,3
4078,4
4079,3
4080,4
4081,4
4082,5
4083,3
4084,3
4085,4
4086,4
4087,3
4088,3
4089,3
4090,4
4091,3
4092,3
4093,4
4094,4
4095,4
4096,4
4097,3
4098,4
4099,4
4100,3
4101,3
4102,3
4103,3
4104,3
4105,4
4106,3
4107,3
4108,4
4109,4
4110,3
4111,3
4112,4
4113,3
4114,4
4115,5
4116,3
4117,3
4118,4
4119,3
4120,3
4121,3
4122,3
4123,3
4124,4
4125,3
4126,3
4127,3
4128,3
4129,3
4130,3
4131,4
4132,3
4133,4
4134,3
4135,3
4136,3
4137,3
4138,3
4139,5
4140,3
4141,4
4142,3
4143,3
4144,3
4145,3
4146,3
4147,3
4148,3
4149,2
4150,4
4151,3
4152,3
4153,3
4154,3
4155,3
4156,4
4157,3
4158,4
4159,4
4160,3
4161,4
4162,4
4163,3
4164,3
4165,3
4166,3
4167,3
4168,3
4169,3
4170,3
4171,3
4172,3
4173,4
4174,4
4175,3
4176,4
4177,4
4178,4
4179,4
4180,4
4181,3
4182,3
4183,4
4184,5
4185,3
4186,3
4187,3
4188,3
4189,3
4190,4
4191,3
4192,3
4193,3
4194,3
4195,4
4196,4
4197,3
4198,4
4199,3
4200,3
4201,3
4202,3
4203,3
4204,3
4205,3
4206,3
4207,4
4208,3
4209,5
4210,4
4211,2
4212,3
4213,3
4214,4
4215,5
4216,3
4217,3
4218,3
4219,3
4220,4
4221,3
4222,4
4223,4
4224,3
4225,3
4226,4
4227,3
4228,3
4229,3
4230,3
4231,3
4232,3
4233,4
4234,3
4235,3
4236,4
4237,5
4238,3
4239,2
4240,3
4241,3
4242,3
4243,4
4244,3
4245,3
4246,3
4247,4
4248,3
4249,3
4250,4
4251,4
4252,3
4253,3
4254,3
4255,3
4256,3
4257,4
4258,3
4259,3
4260,4
4261,3
4262,3
4263,4
4264,3
4265,3
4266,3
4267,3
4268,4
4269,3
4270,4
4271,3
4272,3
4273,3
4274,3
4275,4
4276,3
4277,3
4278,4
4279,3
4280,2
4281,3
4282,4
4283,3
4284,4
4285,4
4286,3
4287,3
4288,3
4289,3
4290,4
4291,3
4292,4
4293,4
4294,3
4295,3
4296,4
4297,4
4298,4
4299,3
4300,3
4301,3
4302,4
4303,3
4304,4
4305,4
4306,3
4307,4
4308,3
4309,3
4310,4
4311,4
4312,4
4313,3
4314,2
4315,5
4316,4
4317,3
4318,3
4319,4
4320,4
4321,3
4322,3
4323,4
4324,4
4325,5
4326,3
4327,3
4328,4
4329,3
4330,3
4331,5
4332,3
4333,3
4334,3
4335,3
4336,3
4337,3
4338,4
4339,3
4340,3
4341,3
4342,4
4343,4
4344,3
4345,4
4346,4
4347,3
4348,3
4349,3
4350,3
4351,4
4352,4
4353,3
4354,4
4355,2
4356,3
4357,3
4358,4
4359,3
4360,4
4361,3
4362,5
4363,4
4364,4
4365,3
4366,3
4367,3
4368,4
4369,3
4370,4
4371,3
4372,3
4373,4
4374,4
4375,3
4376,3
4377,3
4378,4
4379,4
4380,3
4381,4
4382,3
4383,4
4384,3
4385,4
4386,3
4387,3
4388,2
4389,4
4390,3
4391,4
4392,3
4393,4
4394,4
4395,4
4396,3
4397,4
4398,3
4399,3
4400,4
4401,3
4402,3
4403,3
4404,3
4405,4
4406,3
4407,3
4408,4
4409,3
4410,3
4411,3
4412,4
4413,2
4414,4
4415,4
4416,4
4417,4
4418,3
4419,4
4420,3
4421,4
4422,3
4423,3
4424,3
4425,4
4426,3
4427,3
4428,3
4429,3
4430,4
4431,3
4432,3
4433,4
4434,4
4435,3
4436,4
4437,3
4438,3
4439,3
4440,3
4441,3
4442,3
4443,3
4444,4
4445,3
4446,4
4447,3
4448,3
4449,4
4450,3
4451,3
4452,3
4453,4
4454,3
4455,3
4456,3
4457,5
4458,4
4459,3
4460,3
4461,4
4462,3
4463,4
4464,3
4465,4
4466,5
4467,3
4468,3
4469,4
4470,4
4471,4
4472,4
4473,3
4474,4
4475,3
4476,2
4477,4
4478,4
4479,3
4480,3
4481,3
4482,3
4483,3
4484,3
4485,3
4486,3
4487,3
4488,4
4489,3
4490,4
4491,3
4492,3
4493,4
4494,5
4495,4
4496,4
4497,3
4498,4
4499,3
4500,4
4501,3
4502,3
4503,3
4504,4
4505,3
4506,5
4507,3
4508,3
4509,4
4510,3
4511,3
4512,3
4513,4
4514,4
4515,3
4516,4
4517,4
4518,3
4519,4
4520,4
4521,3
4522,2
4523,3
4524,2
4525,3
4526,4
4527,3
4528,4
4529,3
4530,5
4531,3
4532,3
4533,3
4534,3
4535,3
4536,4
4537,3
4538,4
4539,3
4540,3
4541,3
4542,4
4543,3
4544,5
4545,4
4546,4
4547,3
4548,3
4549,3
4550,4
4551,3
4552,3
4553,4
4554,3
4555,2
4556,3
4557,5
4558,3
4559,3
4560,3
4561,3
4562,4
4563,3
4564,3
4565,3
4566,3
4567,3
4568,3
4569,4
4570,4
4571,5
4572,3
4573,4
4574,3
4575,4
4576,2
4577,4
4578,3
4579,3
4580,4
4581,3
4582,4
4583,3
4584,3
4585,3
4586,3
4587,3
4588,4
4589,2
4590,3
4591,3
4592,4
4593,4
4594,3
4595,3
4596,4
4597,3
4598,3
4599,3
4600,3
4601,3
4602,3
4603,4
4604,4
4605,5
4606,3
4607,3
4608,4
4609,4
4610,3
4611,3
4612,3
4613,4
4614,4
4615,4
4616,5
4617,4
4618,4
4619,4
4620,3
4621,3
4622,3
4623,3
4624,3
4625,4
4626,4
4627,3
4628,3
4629,4
4630,3
4631,5
4632,3
4633,4
4634,3
4635,4
4636,3
4637,3
4638,4
4639,3
4640,4
4641,3
4642,3
4643,3
4644,3
4645,3
4646,4
4647,3
4648,3
4649,4
4650,4
4651,3
4652,3
4653,3
4654,3
4655,3
4656,3
4657,4
4658,4
4659,4
4660,3
4661,4
4662,4
4663,3
4664,5
4665,3
4666,3
4667,3
4668,3
4669,4
4670,4
4671,4
4672,4
4673,3
4674,4
4675,4
4676,4
4677,3
4678,4
4679,4
4680,3
4681,5
4682,3
4683,5
4684,3
4685,3
4686,3
4687,3
4688,3
4689,4
4690,4
4691,3
4692,3
4693,4
4694,4
4695,3
4696,3
4697,3
4698,3
4699,3
4700,3
4701,4
4702,4
4703,2
4704,3
4705,3
4706,5
4707,4
4708,2
4709,3
4710,5
4711,3
4712,4
4713,4
4714,3
4715,3
4716,4
4717,4
4718,4
4719,3
4720,3
4721,3
4722,3
4723,3
4724,3
4725,4
4726,4
4727,5
4728,4
4729,5
4730,4
4731,3
4732,3
4733,3
4734,4
4735,3
4736,2
4737,3
4738,3
4739,4
4740,4
4741,3
4742,3
4743,4
4744,3
4745,4
4746,4
4747,4
4748,4
4749,4
4750,3
4751,3
4752,4
4753,4
4754,4
4755,4
4756,3
4757,3
4758,3
4759,3
4760,3
4761,3
4762,3
4763,3
4764,3
4765,3
4766,4
4767,4
4768,3
4769,3
4770,3
4771,3
4772,4
4773,3
4774,3
4775,3
4776,4
4777,4
4778,3
4779,3
4780,3
4781,4
4782,4
4783,4
4784,4
4785,5
4786,4
4787,3
4788,4
4789,4
4790,3
4791,3
4792,4
4793,4
4794,4
4795,4
4796,3
4797,3
4798,3
4799,3
4800,3
4801,4
4802,3
4803,3
4804,4
4805,3
4806,4
4807,3
4808,3
4809,4
4810,4
4811,3
4812,3
4813,5
4814,3
4815,3
4816,3
4817,4
4818,3
4819,3
4820,4
4821,2
4822,3
4823,4
4824,4
4825,3
4826,5
4827,5
4828,3
4829,3
4830,4
4831,4
4832,3
4833,4
4834,4
4835,4
4836,4
4837,3
4838,4
4839,4
4840,3
4841,3
4842,4
4843,3
4844,4
4845,4
4846,3
4847,3
4848,3
4849,3
4850,4
4851,3
4852,3
4853,3
4854,3
4855,3
4856,4
4857,4
4858,1
4859,3
4860,4
4861,4
4862,3
4863,3
4864,3
4865,4
4866,3
4867,4
4868,4
4869,3
4870,4
4871,3
4872,3
4873,3
4874,4
4875,4
4876,3
4877,3
4878,3
4879,3
4880,4
4881,3
4882,3
4883,4
4884,3
4885,3
4886,3
4887,3
4888,2
4889,4
4890,3
4891,4
4892,3
4893,4
4894,3
4895,3
4896,3
4897,4
4898,4
4899,4
4900,3
4901,3
4902,4
4903,3
4904,4
4905,3
4906,5
4907,4
4908,3
4909,4
4910,3
4911,3
4912,3
4913,3
4914,3
4915,4
4916,3
4917,4
4918,4
4919,3
4920,3
4921,3
4922,4
4923,3
4924,4
4925,3
4926,3
4927,3
4928,4
4929,3
4930,3
4931,3
4932,3
4933,3
4934,4
4935,4
4936,4
4937,3
4938,3
4939,4
4940,4
4941,4
4942,4
4943,4
4944,3
4945,3
4946,3
4947,3
4948,4
4949,3
4950,4
4951,4
4952,3
4953,3
4954,3
4955,4
4956,3
4957,4
4958,3
4959,4
4960,4
4961,4
4962,3
4963,4
4964,4
4965,3
4966,1
4967,3
4968,3
4969,3
4970,3
4971,4
4972,4
4973,2
4974,3
4975,3
4976,3
4977,1
4978,3
4979,3
4980,4
4981,4
4982,3
4983,3
4984,4
4985,4
4986,3
4987,3
4988,4
4989,4
4990,3
4991,4
4992,3
4993,3
4994,4
4995,3
4996,4
4997,4
4998,3
4999,4
5000,3
5001,3
5002,5
5003,3
5004,4
5005,4
5006,4
5007,3
5008,4
5009,4
5010,3
5011,4
5012,3
5013,3
5014,4
5015,5
5016,3
5017,3
5018,3
5019,4
5020,3
5021,5
5022,3
5023,3
5024,4
5025,3
5026,4
5027,4
5028,3
5029,4
5030,3
5031,4
5032,3
5033,3
5034,3
5035,5
5036,4
5037,3
5038,3
5039,3
5040,3
5041,3
5042,3
5043,3
5044,3
5045,3
5046,3
5047,3
5048,3
5049,4
5050,4
5051,3
5052,3
5053,3
5054,3
5055,3
5056,3
5057,3
5058,4
5059,4
5060,5
5061,4
5062,5
5063,3
5064,4
5065,3
5066,3
5067,3
5068,3
5069,3
5070,4
5071,4
5072,3
5073,4
5074,4
5075,3
5076,3
5077,3
5078,4
5079,5
5080,3
5081,3
5082,3
5083,3
5084,3
5085,3
5086,3
5087,4
5088,4
5089,3
5090,3
5091,4
5092,3
5093,3
5094,5
5095,5
5096,4
5097,4
5098,3
5099,3
5100,5
5101,3
5102,3
5103,3
5104,3
5105,4
5106,3
5107,3
5108,5
5109,3
5110,4
5111,3
5112,4
5113,3
5114,3
5115,3
5116,4
5117,3
5118,3
5119,4
5120,3
5121,3
5122,3
5123,3
5124,3
5125,4
5126,3
5127,4
5128,4
5129,3
5130,3
5131,3
5132,3
5133,3
5134,3
5135,3
5136,3
5137,3
5138,4
5139,3
5140,3
5141,3
5142,3
5143,4
5144,3
5145,3
5146,5
5147,3
5148,3
5149,3
5150,4
5151,3
5152,4
5153,3
5154,3
5155,4
5156,4
5157,3
5158,3
5159,1
5160,5
5161,3
5162,4
5163,5
5164,3
5165,3
5166,4
5167,3
5168,3
5169,3
5170,3
5171,3
5172,3
5173,4
5174,3
5175,4
5176,3
5177,4
5178,3
5179,3
5180,3
5181,3
5182,4
5183,3
5184,3
5185,3
5186,3
5187,3
5188,3
5189,3
5190,3
5191,4
5192,4
5193,3
5194,3
5195,3
5196,3
5197,3
5198,4
5199,4
5200,3
5201,3
5202,3
5203,3
5204,4
5205,3
5206,3
5207,4
5208,3
5209,4
5210,4
5211,3
5212,3
5213,3
5214,3
5215,3
5216,3
5217,5
5218,3
5219,3
5220,3
5221,3
5222,2
5223,4
5224,5
5225,4
5226,3
5227,4
5228,3
5229,3
5230,4
5231,4
5232,3
5233,4
5234,3
5235,3
5236,3
5237,4
5238,4
5239,4
5240,3
5241,3
5242,3
5243,4
5244,4
5245,4
5246,3
5247,3
5248,3
5249,4
5250,5
5251,3
5252,3
5253,3
5254,3
5255,3
5256,3
5257,4
5258,3
5259,3
5260,3
5261,3
5262,4
5263,3
5264,3
5265,5
5266,5
5267,5
5268,4
5269,5
5270,3
5271,3
5272,4
5273,4
5274,3
5275,4
5276,4
5277,3
5278,3
5279,3
5280,5
5281,3
5282,4
5283,4
5284,4
5285,3
5286,5
5287,4
5288,3
5289,4
5290,4
5291,5
5292,3
5293,3
5294,3
5295,4
5296,2
5297,4
5298,3
5299,4
5300,4
5301,3
5302,3
5303,4
5304,4
5305,3
5306,5
5307,3
5308,3
5309,3
5310,3
5311,5
5312,3
5313,3
5314,3
5315,4
5316,3
5317,4
5318,4
5319,4
5320,3
5321,3
5322,3
5323,3
5324,4
5325,4
5326,3
5327,3
5328,4
5329,3
5330,3
5331,4
5332,3
5333,3
5334,3
5335,3
5336,4
5337,4
5338,4
5339,3
5340,4
5341,3
5342,4
5343,3
5344,3
5345,3
5346,3
5347,4
5348,3
5349,3
5350,4
5351,5
5352,3
5353,4
5354,3
5355,4
5356,3
5357,5
5358,3
5359,4
5360,3
5361,5
5362,2
5363,4
5364,4
5365,3
5366,3
5367,3
5368,4
5369,4
5370,3
5371,3
5372,4
5373,3
5374,4
5375,3
5376,3
5377,5
5378,3
5379,3
5380,3
5381,5
5382,4
5383,3
5384,1
5385,3
5386,3
5387,4
5388,4
5389,3
5390,4
5391,3
5392,4
5393,3
5394,3
5395,3
5396,3
5397,3
5398,3
5399,4
5400,3
5401,4
5402,4
5403,3
5404,4
5405,3
5406,3
5407,4
5408,3
5409,2
5410,3
5411,3
5412,4
5413,4
5414,3
5415,3
5416,4
5417,4
5418,3
5419,3
5420,3
5421,3
5422,3
5423,3
5424,3
5425,3
5426,4
5427,3
5428,3
5429,3
5430,4
5431,3
5432,3
5433,2
5434,3
5435,4
5436,3
5437,3
5438,3
5439,4
5440,4
5441,3
5442,3
5443,4
5444,4
5445,4
5446,3
5447,4
5448,4
5449,4
5450,3
5451,4
5452,5
5453,3
5454,5
5455,4
5456,4
5457,3
5458,3
5459,4
5460,3
5461,4
5462,5
5463,3
5464,3
5465,4
5466,3
5467,3
5468,4
5469,4
5470,3
5471,3
5472,4
5473,3
5474,3
5475,5
5476,4
5477,5
5478,3
5479,4
5480,3
5481,2
5482,4
5483,3
5484,3
5485,4
5486,3
5487,4
5488,3
5489,4
5490,3
5491,4
5492,4
5493,3
5494,4
5495,4
5496,3
5497,3
5498,4
5499,4
5500,4
5501,3
5502,3
5503,3
5504,3
5505,4
5506,4
5507,4
5508,3
5509,3
5510,4
5511,4
5512,4
5513,3
5514,3
5515,4
5516,4
5517,5
5518,5
5519,4
5520,4
5521,4
5522,3
5523,4
5524,3
5525,4
5526,4
5527,3
5528,3
5529,4
5530,3
5531,3
5532,3
5533,5
5534,3
5535,4
5536,3
5537,4
5538,3
5539,4
5540,4
5541,4
5542,5
5543,4
5544,2
5545,4
5546,3
5547,5
5548,4
5549,4
5550,3
5551,3
5552,3
5553,3
5554,3
5555,3
5556,4
5557,3
5558,5
5559,3
5560,4
5561,4
5562,3
5563,3
5564,4
5565,5
5566,3
5567,3
5568,3
5569,3
5570,4
5571,3
5572,3
5573,4
5574,4
5575,3
5576,3
5577,3
5578,4
5579,5
5580,3
5581,3
5582,4
5583,3
5584,5
5585,4
5586,3
5587,3
5588,3
5589,3
5590,3
5591,3
5592,4
5593,3
5594,5
5595,3
5596,4
5597,5
5598,4
5599,3
5600,3
5601,3
5602,4
5603,2
5604,4
5605,3
5606,3
5607,3
5608,3
5609,4
5610,3
5611,4
5612,3
5613,3
5614,3
5615,4
5616,4
5617,3
5618,3
5619,4
5620,3
5621,4
5622,3
5623,3
5624,4
5625,5
5626,3
5627,4
5628,4
5629,5
5630,3
5631,3
5632,4
5633,4
5634,4
5635,4
5636,3
5637,4
5638,3
5639,4
5640,4
5641,3
5642,4
5643,4
5644,3
5645,3
5646,3
5647,3
5648,4
5649,4
5650,3
5651,4
5652,3
5653,3
5654,4
5655,3
5656,4
5657,4
5658,3
5659,4
5660,3
5661,4
5662,3
5663,3
5664,4
5665,4
5666,3
5667,3
5668,4
5669,4
5670,4
5671,3
5672,4
5673,4
5674,3
5675,3
5676,3
5677,3
5678,3
5679,3
5680,3
5681,4
5682,3
5683,3
5684,3
5685,3
5686,3
5687,4
5688,5
5689,3
5690,4
5691,3
5692,3
5693,3
5694,3
5695,3
5696,3
5697,4
5698,3
5699,4
5700,3
5701,5
5702,3
5703,4
5704,2
5705,3
5706,3
5707,3
5708,4
5709,4
5710,4
5711,4
5712,4
5713,3
5714,3
5715,4
5716,3
5717,3
5718,3
5719,3
5720,4
5721,3
5722,3
5723,4
5724,4
5725,3
5726,3
5727,3
5728,4
5729,3
5730,4
5731,3
5732,3
5733,4
5734,3
5735,3
5736,3
5737,4
5738,4
5739,3
5740,4
5741,3
5742,4
5743,4
5744,3
5745,3
5746,1
5747,4
5748,3
5749,3
5750,4
5751,4
5752,4
5753,5
5754,3
5755,4
5756,3
5757,5
5758,3
5759,4
5760,3
5761,3
5762,4
5763,4
5764,3
5765,2
5766,3
5767,3
5768,2
5769,3
5770,3
5771,3
5772,4
5773,4
5774,3
5775,3
5776,3
5777,4
5778,2
5779,4
5780,3
5781,4
5782,4
5783,5
5784,4
5785,4
5786,4
5787,3
5788,3
5789,3
5790,3
5791,3
5792,5
5793,4
5794,4
5795,3
5796,4
5797,3
5798,4
5799,4
5800,3
5801,4
5802,4
5803,3
5804,5
5805,2
5806,4
5807,3
5808,3
5809,3
5810,3
5811,3
5812,4
5813,3
5814,3
5815,3
5816,4
5817,3
5818,3
5819,4
5820,2
5821,4
5822,3
5823,4
5824,4
5825,3
5826,3
5827,4
5828,3
5829,4
5830,4
5831,3
5832,4
5833,4
5834,4
5835,3
5836,3
5837,2
5838,4
5839,3
5840,3
5841,3
5842,4
5843,3
5844,3
5845,3
5846,4
5847,3
5848,4
5849,3
5850,4
5851,4
5852,3
5853,3
5854,3
5855,3
5856,3
5857,3
5858,3
5859,4
5860,4
5861,5
5862,3
5863,3
5864,4
5865,3
5866,3
5867,3
5868,3
5869,2
5870,3
5871,4
5872,4
5873,3
5874,4
5875,4
5876,3
5877,3
5878,3
5879,3
5880,3
5881,3
5882,3
5883,4
5884,3
5885,3
5886,3
5887,3
5888,3
5889,3
5890,4
5891,3
5892,3
5893,4
5894,4
5895,4
5896,4
5897,3
5898,4
5899,3
5900,3
5901,3
5902,4
5903,3
5904,3
5905,3
5906,3
5907,3
5908,4
5909,4
5910,4
5911,3
5912,2
5913,4
5914,4
5915,4
5916,3
5917,4
5918,3
5919,4
5920,3
5921,3
5922,3
5923,3
5924,3
5925,3
5926,3
5927,3
5928,3
5929,5
5930,3
5931,3
5932,3
5933,4
5934,3
5935,3
5936,3
5937,4
5938,3
5939,3
5940,3
5941,3
5942,3
5943,4
5944,3
5945,3
5946,4
5947,3
5948,3
5949,3
5950,3
5951,3
5952,4
5953,3
5954,3
5955,4
5956,4
5957,4
5958,4
5959,4
5960,4
5961,4
5962,5
5963,1
5964,4
5965,4
5966,3
5967,3
5968,3
5969,3
5970,4
5971,4
5972,4
5973,5
5974,5
5975,3
5976,4
5977,3
5978,5
5979,3
5980,4
5981,3
5982,4
5983,3
5984,3
5985,3
5986,5
5987,3
5988,3
5989,3
5990,3
5991,4
5992,3
5993,3
5994,3
5995,3
5996,3
5997,4
5998,4
5999,5
6000,3
6001,4
6002,4
6003,3
6004,4
6005,3
6006,3
6007,4
6008,4
6009,4
6010,4
6011,3
6012,5
6013,3
6014,3
6015,3
6016,3
6017,3
6018,3
6019,4
6020,3
6021,3
6022,3
6023,4
6024,3
6025,3
6026,3
6027,3
6028,3
6029,3
6030,3
6031,5
6032,3
6033,3
6034,4
6035,4
6036,3
6037,3
6038,3
6039,3
6040,3
6041,4
6042,4
6043,3
6044,3
6045,4
6046,3
6047,4
6048,4
6049,4
6050,3
6051,4
6052,3
6053,4
6054,3
6055,3
6056,3
6057,3
6058,4
6059,4
6060,4
6061,3
6062,3
6063,3
6064,4
6065,3
6066,4
6067,3
6068,5
6069,5
6070,3
6071,4
6072,4
6073,4
6074,3
6075,3
6076,4
6077,3
6078,4
6079,4
6080,3
6081,4
6082,3
6083,3
6084,3
6085,3
6086,5
6087,3
6088,5
6089,3
6090,4
6091,4
6092,3
6093,3
6094,4
6095,3
6096,3
6097,3
6098,3
6099,3
6100,3
6101,3
6102,4
6103,4
6104,3
6105,3
6106,3
6107,3
6108,3
6109,4
6110,3
6111,4
6112,3
6113,4
6114,4
6115,3
6116,4
6117,4
6118,4
6119,4
6120,4
6121,3
6122,3
6123,4
6124,3
6125,3
6126,3
6127,3
6128,4
6129,4
6130,3
6131,3
6132,3
6133,3
6134,3
6135,3
6136,3
6137,4
6138,3
6139,4
6140,3
6141,3
6142,3
6143,2
6144,4
6145,3
6146,4
6147,3
6148,4
6149,4
6150,3
6151,5
6152,3
6153,3
6154,4
6155,3
6156,3
6157,4
6158,3
6159,3
6160,3
6161,3
6162,4
6163,3
6164,3
6165,3
6166,3
6167,3
6168,3
6169,3
6170,3
6171,3
6172,4
6173,5
6174,3
6175,4
6176,3
6177,2
6178,3
6179,4
6180,4
6181,4
6182,3
6183,3
6184,4
6185,4
6186,3
6187,3
6188,4
6189,4
6190,3
6191,4
6192,3
6193,3
6194,3
6195,3
6196,4
6197,4
6198,3
6199,4
6200,4
6201,4
6202,3
6203,3
6204,4
6205,3
6206,3
6207,3
6208,4
6209,3
6210,3
6211,3
6212,4
6213,4
6214,4
6215,4
6216,2
6217,3
6218,4
6219,4
6220,3
6221,3
6222,3
6223,3
6224,3
6225,4
6226,3
6227,4
6228,3
6229,4
6230,4
6231,4
6232,3
6233,3
6234,3
6235,3
6236,4
6237,3
6238,3
6239,3
6240,4
6241,3
6242,4
6243,4
6244,2
6245,3
6246,3
6247,4
6248,3
6249,3
6250,3
6251,3
6252,4
6253,4
6254,3
6255,3
6256,3
6257,4
6258,3
6259,3
6260,4
6261,4
6262,3
6263,3
6264,4
6265,3
6266,3
6267,3
6268,4
6269,3
6270,4
6271,4
6272,4
6273,3
6274,3
6275,3
6276,4
6277,3
6278,4
6279,3
6280,5
6281,3
6282,3
6283,3
6284,3
6285,4
6286,4
6287,3
6288,1
6289,3
6290,3
6291,4
6292,4
6293,3
6294,3
6295,4
6296,4
6297,3
6298,5
6299,3
6300,3
6301,4
6302,4
6303,4
6304,3
6305,3
6306,4
6307,4
6308,3
6309,3
6310,4
6311,3
6312,3
6313,3
6314,3
6315,3
6316,3
6317,3
6318,5
6319,3
6320,3
6321,3
6322,4
6323,3
6324,3
6325,3
6326,4
6327,4
6328,3
6329,4
6330,4
6331,3
6332,3
6333,3
6334,2
6335,3
6336,4
6337,3
6338,3
6339,4
6340,4
6341,3
6342,3
6343,5
6344,3
6345,3
6346,5
6347,4
6348,4
6349,4
6350,4
6351,4
6352,3
6353,4
6354,3
6355,4
6356,3
6357,3
6358,4
6359,3
6360,3
6361,4
6362,3
6363,4
6364,5
6365,4
6366,4
6367,4
6368,4
6369,4
6370,4
6371,3
6372,3
6373,3
6374,4
6375,4
6376,4
6377,3
6378,3
6379,3
6380,3
6381,3
6382,3
6383,3
6384,3
6385,4
6386,3
6387,4
6388,3
6389,4
6390,4
6391,5
6392,4
6393,3
6394,4
6395,3
6396,3
6397,3
6398,3
6399,3
6400,4
6401,3
6402,4
6403,4
6404,3
6405,4
6406,3
6407,3
6408,3
6409,3
6410,3
6411,4
6412,3
6413,3
6414,3
6415,3
6416,4
6417,4
6418,4
6419,3
6420,3
6421,3
6422,3
6423,4
6424,3
6425,5
6426,4
6427,3
6428,3
6429,3
6430,4
6431,4
6432,5
6433,3
6434,4
6435,3
6436,4
6437,3
6438,3
6439,4
6440,4
6441,3
6442,4
6443,3
6444,4
6445,3
6446,3
6447,4
6448,3
6449,4
6450,3
6451,3
6452,3
6453,3
6454,3
6455,3
6456,3
6457,4
6458,3
6459,4
6460,3
6461,4
6462,3
6463,3
6464,3
6465,3
6466,3
6467,3
6468,4
6469,3
6470,3
6471,3
6472,3
6473,4
6474,3
6475,4
6476,4
6477,3
6478,4
6479,3
6480,3
6481,4
6482,3
6483,3
6484,5
6485,3
6486,3
6487,3
6488,3
6489,5
6490,3
6491,4
6492,4
6493,4
6494,3
6495,3
6496,3
6497,4
6498,3
6499,4
6500,3
6501,4
6502,4
6503,3
6504,4
6505,4
6506,4
6507,4
6508,4
6509,3
6510,3
6511,3
6512,3
6513,3
6514,4
6515,3
6516,4
6517,3
6518,4
6519,3
6520,4
6521,3
6522,4
6523,4
6524,3
6525,4
6526,3
6527,3
6528,3
6529,5
6530,4
6531,3
6532,3
6533,3
6534,5
6535,3
6536,3
6537,3
6538,3
6539,3
6540,3
6541,3
6542,4
6543,3
6544,4
6545,2
6546,3
6547,4
6548,3
6549,4
6550,4
6551,3
6552,4
6553,4
6554,1
6555,4
6556,4
6557,4
6558,3
6559,3
6560,4
6561,3
6562,3
6563,3
6564,5
6565,3
6566,4
6567,5
6568,4
6569,3
6570,4
6571,3
6572,4
6573,3
6574,4
6575,3
6576,3
6577,3
6578,3
6579,5
6580,3
6581,4
6582,4
6583,5
6584,3
6585,4
6586,3
6587,3
6588,4
6589,3
6590,4
6591,3
6592,3
6593,3
6594,3
6595,3
6596,3
6597,3
6598,3
6599,3
6600,3
6601,4
6602,3
6603,3
6604,3
6605,3
6606,3
6607,3
6608,3
6609,2
6610,4
6611,4
6612,3
6613,4
6614,3
6615,4
6616,4
6617,3
6618,4
6619,3
6620,3
6621,3
6622,3
6623,3
6624,2
6625,4
6626,3
6627,3
6628,4
6629,4
6630,3
6631,3
6632,3
6633,3
6634,3
6635,3
6636,3
6637,4
6638,4
6639,3
6640,4
6641,4
6642,3
6643,3
6644,3
6645,3
6646,3
6647,4
6648,4
6649,3
6650,4
6651,4
6652,3
6653,3
6654,3
6655,3
6656,3
6657,3
6658,4
6659,3
6660,4
6661,5
6662,4
6663,3
6664,4
6665,3
6666,3
6667,3
6668,4
6669,3
6670,4
6671,4
6672,4
6673,3
6674,3
6675,3
6676,4
6677,3
6678,4
6679,3
6680,3
6681,3
6682,3
6683,4
6684,4
6685,3
6686,3
6687,3
6688,3
6689,4
6690,4
6691,4
6692,4
6693,4
6694,3
6695,3
6696,4
6697,3
6698,3
6699,4
6700,3
6701,3
6702,3
6703,4
6704,3
6705,4
6706,4
6707,3
6708,4
6709,3
6710,3
6711,3
6712,4
6713,4
6714,4
6715,3
6716,3
6717,4
6718,3
6719,3
6720,4
6721,3
6722,4
6723,4
6724,3
6725,3
6726,4
6727,5
6728,4
6729,4
6730,3
6731,3
6732,4
6733,4
6734,4
6735,4
6736,4
6737,3
6738,4
6739,3
6740,3
6741,4
6742,4
6743,3
6744,3
6745,3
6746,3
6747,3
6748,4
6749,3
6750,5
6751,4
6752,4
6753,4
6754,3
6755,3
6756,4
6757,4
6758,3
6759,3
6760,3
6761,3
6762,3
6763,3
6764,4
6765,3
6766,4
6767,3
6768,3
6769,3
6770,3
6771,3
6772,4
6773,3
6774,3
6775,4
6776,3
6777,4
6778,3
6779,4
6780,4
6781,3
6782,3
6783,4
6784,3
6785,3
6786,4
6787,4
6788,3
6789,4
6790,4
6791,4
6792,3
6793,4
6794,3
6795,3
6796,4
6797,4
6798,3
6799,4
6800,4
6801,4
6802,3
6803,3
6804,4
6805,3
6806,4
6807,4
6808,3
6809,4
6810,3
6811,3
6812,3
6813,4
6814,4
6815,3
6816,4
6817,3
6818,4
6819,3
6820,4
6821,3
6822,5
6823,3
6824,5
6825,3
6826,3
6827,3
6828,3
6829,3
6830,3
6831,4
6832,2
6833,4
6834,3
6835,4
6836,4
6837,3
6838,5
6839,3
6840,4
6841,4
6842,4
6843,4
6844,4
6845,4
6846,3
6847,4
6848,3
6849,3
6850,3
6851,4
6852,3
6853,4
6854,3
6855,1
6856,3
6857,3
6858,3
6859,4
6860,3
6861,4
6862,4
6863,4
6864,3
6865,3
6866,4
6867,4
6868,3
6869,4
6870,4
6871,2
6872,3
6873,3
6874,3
6875,4
6876,3
6877,3
6878,4
6879,4
6880,4
6881,5
6882,3
6883,4
6884,3
6885,3
6886,3
6887,4
6888,4
6889,3
6890,4
6891,5
6892,5
6893,3
6894,3
6895,4
6896,3
6897,4
6898,2
6899,3
6900,3
6901,3
6902,3
6903,3
6904,4
6905,3
6906,3
6907,3
6908,3
6909,4
6910,3
6911,4
6912,3
6913,4
6914,4
6915,3
6916,4
6917,3
6918,3
6919,3
6920,4
6921,4
6922,3
6923,5
6924,4
6925,4
6926,4
6927,3
6928,3
6929,4
6930,3
6931,3
6932,4
6933,4
6934,3
6935,5
6936,3
6937,3
6938,4
6939,4
6940,5
6941,3
6942,3
6943,4
6944,5
6945,3
6946,3
6947,4
6948,3
6949,3
6950,4
6951,4
6952,3
6953,3
6954,3
6955,4
6956,4
6957,3
6958,3
6959,3
6960,4
6961,4
6962,3
6963,4
6964,3
6965,3
6966,3
6967,3
6968,3
6969,2
6970,4
6971,5
6972,4
6973,3
6974,4
6975,3
6976,3
6977,3
6978,4
6979,4
6980,3
6981,3
6982,4
6983,3
6984,4
6985,3
6986,3
6987,4
6988,5
6989,3
6990,3
6991,4
6992,3
6993,3
6994,3
6995,4
6996,4
6997,4
6998,3
6999,3
7000,4
7001,4
7002,3
7003,3
7004,4
7005,5
7006,4
7007,5
7008,4
7009,3
7010,3
7011,3
7012,4
7013,3
7014,3
7015,4
7016,4
7017,4
7018,3
7019,4
7020,3
7021,3
7022,3
7023,4
7024,4
7025,4
7026,4
7027,3
7028,3
7029,3
7030,3
7031,3
7032,4
7033,3
7034,4
7035,3
7036,3
7037,3
7038,4
7039,3
7040,4
7041,3
7042,3
7043,4
7044,4
7045,3
7046,3
7047,3
7048,4
7049,3
7050,3
7051,3
7052,3
7053,3
7054,3
7055,3
7056,3
7057,4
7058,3
7059,4
7060,3
7061,3
7062,4
7063,4
7064,3
7065,3
7066,3
7067,4
7068,3
7069,3
7070,3
7071,4
7072,3
7073,3
7074,3
7075,4
7076,3
7077,4
7078,4
7079,3
7080,3
7081,3
7082,3
7083,3
7084,3
7085,4
7086,3
7087,4
7088,3
7089,2
7090,4
7091,3
7092,3
7093,3
7094,3
7095,4
7096,4
7097,4
7098,3
7099,3
7100,3
7101,5
7102,4
7103,4
7104,4
7105,4
7106,4
7107,3
7108,4
7109,3
7110,3
7111,3
7112,4
7113,3
7114,4
7115,3
7116,1
7117,1
7118,4
7119,4
7120,3
7121,4
7122,3
7123,3
7124,3
7125,4
7126,3
7127,4
7128,3
7129,3
7130,4
7131,3
7132,3
7133,3
7134,3
7135,3
7136,4
7137,5
7138,3
7139,4
7140,2
7141,3
7142,3
7143,3
7144,4
7145,3
7146,4
7147,4
7148,5
7149,4
7150,5
7151,4
7152,3
7153,3
7154,3
7155,3
7156,5
7157,5
7158,4
7159,3
7160,5
7161,3
7162,3
7163,3
7164,4
7165,4
7166,4
7167,3
7168,3
7169,3
7170,4
7171,4
7172,3
7173,4
7174,3
7175,3
7176,4
7177,3
7178,3
7179,3
7180,4
7181,3
7182,4
7183,3
7184,3
7185,3
7186,3
7187,4
7188,3
7189,4
7190,3
7191,4
7192,4
7193,3
7194,4
7195,4
7196,3
7197,3
7198,4
7199,3
7200,4
7201,3
7202,3
7203,3
7204,3
7205,3
7206,3
7207,4
7208,4
7209,4
7210,3
7211,3
7212,3
7213,3
7214,3
7215,4
7216,4
7217,3
7218,4
7219,4
7220,4
7221,4
7222,4
7223,3
7224,4
7225,3
7226,3
7227,3
7228,4
7229,4
7230,5
7231,4
7232,5
7233,3
7234,3
7235,4
7236,4
7237,3
7238,3
7239,3
7240,4
7241,4
7242,2
7243,4
7244,4
7245,2
7246,3
7247,4
7248,4
7249,4
7250,3
7251,3
7252,3
7253,3
7254,4
7255,4
7256,3
7257,4
7258,4
7259,3
7260,3
7261,4
7262,3
7263,4
7264,3
7265,4
7266,3
7267,3
7268,2
7269,4
7270,4
7271,3
7272,4
7273,3
7274,3
7275,3
7276,3
7277,3
7278,3
7279,3
7280,4
7281,4
7282,4
7283,4
7284,3
7285,4
7286,3
7287,3
7288,4
7289,4
7290,3
7291,4
7292,3
7293,4
7294,4
7295,3
7296,5
7297,5
7298,2
7299,4
7300,3
7301,3
7302,3
7303,4
7304,4
7305,4
7306,4
7307,4
7308,5
7309,3
7310,3
7311,3
7312,5
7313,3
7314,3
7315,4
7316,3
7317,3
7318,3
7319,3
7320,4
7321,3
7322,5
7323,3
7324,4
7325,4
7326,3
7327,3
7328,4
7329,4
7330,3
7331,4
7332,3
7333,3
7334,3
7335,2
7336,3
7337,3
7338,4
7339,5
7340,4
7341,4
7342,4
7343,3
7344,3
7345,3
7346,4
7347,3
7348,4
7349,4
7350,3
7351,4
7352,3
7353,3
7354,4
7355,4
7356,3
7357,4
7358,4
7359,4
7360,3
7361,3
7362,4
7363,3
7364,3
7365,3
7366,4
7367,4
7368,3
7369,4
7370,3
7371,4
7372,3
7373,4
7374,4
7375,3
7376,3
7377,3
7378,3
7379,3
7380,3
7381,3
7382,3
7383,4
7384,3
7385,3
7386,4
7387,3
7388,3
7389,4
7390,3
7391,4
7392,3
7393,3
7394,3
7395,4
7396,3
7397,3
7398,3
7399,3
7400,3
7401,3
7402,4
7403,3
7404,3
7405,4
7406,4
7407,3
7408,3
7409,3
7410,4
7411,4
7412,4
7413,3
7414,4
7415,3
7416,3
7417,4
7418,4
7419,3
7420,3
7421,3
7422,3
7423,3
7424,3
7425,3
7426,3
7427,4
7428,3
7429,3
7430,4
7431,3
7432,4
7433,3
7434,5
7435,5
7436,3
7437,3
7438,4
7439,3
7440,3
7441,3
7442,5
7443,3
7444,3
7445,4
7446,4
7447,3
7448,4
7449,4
7450,4
7451,4
7452,4
7453,4
7454,4
7455,3
7456,4
7457,3
7458,4
7459,3
7460,4
7461,3
7462,4
7463,4
7464,3
7465,3
7466,3
7467,2
7468,3
7469,4
7470,3
7471,3
7472,5
7473,3
7474,3
7475,4
7476,3
7477,3
7478,5
7479,5
7480,3
7481,3
7482,3
7483,3
7484,3
7485,4
7486,4
7487,4
7488,3
7489,3
7490,3
7491,3
7492,3
7493,4
7494,3
7495,3
7496,4
7497,4
7498,3
7499,3
7500,4
7501,3
7502,4
7503,3
7504,3
7505,4
7506,4
7507,4
7508,3
7509,3
7510,3
7511,3
7512,4
7513,4
7514,3
7515,2
7516,4
7517,3
7518,3
7519,3
7520,3
7521,3
7522,3
7523,4
7524,3
7525,3
7526,3
7527,4
7528,4
7529,4
7530,4
7531,3
7532,3
7533,4
7534,3
7535,4
7536,3
7537,3
7538,4
7539,3
7540,3
7541,4
7542,4
7543,3
7544,3
7545,4
7546,4
7547,3
7548,3
7549,4
7550,4
7551,3
7552,3
7553,3
7554,3
7555,4
7556,5
7557,4
7558,3
7559,3
7560,4
7561,3
7562,3
7563,3
7564,4
7565,3
7566,3
7567,3
7568,3
7569,4
7570,4
7571,3
7572,3
7573,3
7574,3
7575,3
7576,3
7577,3
7578,3
7579,3
7580,4
7581,3
7582,3
7583,5
7584,3
7585,4
7586,4
7587,3
7588,4
7589,4
7590,4
7591,4
7592,4
7593,5
7594,3
7595,5
7596,4
7597,3
7598,4
7599,3
7600,3
7601,3
7602,3
7603,3
7604,3
7605,3
7606,3
7607,3
7608,4
7609,4
7610,3
7611,4
7612,3
7613,5
7614,3
7615,4
7616,5
7617,4
7618,2
7619,3
7620,4
7621,4
7622,3
7623,4
7624,3
7625,4
7626,3
7627,4
7628,1
7629,4
7630,4
7631,3
7632,3
7633,3
7634,4
7635,4
7636,4
7637,4
7638,3
7639,3
7640,4
7641,3
7642,3
7643,3
7644,3
7645,4
7646,4
7647,3
7648,4
7649,3
7650,3
7651,4
7652,3
7653,4
7654,3
7655,4
7656,5
7657,3
7658,4
7659,3
7660,4
7661,4
7662,3
7663,3
7664,3
7665,2
7666,3
7667,3
7668,4
7669,3
7670,4
7671,3
7672,3
7673,3
7674,3
7675,4
7676,3
7677,4
7678,4
7679,4
7680,4
7681,3
7682,3
7683,4
7684,4
7685,3
7686,4
7687,3
7688,3
7689,3
7690,2
7691,3
7692,3
7693,4
7694,4
7695,4
7696,3
7697,3
7698,3
7699,3
7700,4
7701,3
7702,3
7703,3
7704,3
7705,3
7706,4
7707,3
7708,4
7709,4
7710,3
7711,3
7712,3
7713,4
7714,4
7715,3
7716,4
7717,3
7718,3
7719,3
7720,4
7721,3
7722,4
7723,3
7724,3
7725,3
7726,3
7727,4
7728,3
7729,3
7730,3
7731,3
7732,3
7733,3
7734,3
7735,3
7736,3
7737,3
7738,3
7739,4
7740,4
7741,4
7742,4
7743,4
7744,4
7745,3
7746,3
7747,4
7748,3
7749,4
7750,5
7751,4
7752,3
7753,5
7754,3
7755,3
7756,5
7757,4
7758,4
7759,2
7760,3
7761,3
7762,3
7763,4
7764,3
7765,3
7766,3
7767,4
7768,3
7769,4
7770,2
7771,4
7772,4
7773,4
7774,3
7775,4
7776,3
7777,4
7778,5
7779,3
7780,5
7781,3
7782,3
7783,3
7784,4
7785,4
7786,3
7787,3
7788,4
7789,3
7790,3
7791,3
7792,3
7793,5
7794,4
7795,4
7796,4
7797,4
7798,4
7799,4
7800,3
7801,4
7802,3
7803,3
7804,4
7805,4
7806,3
7807,5
7808,4
7809,3
7810,3
7811,4
7812,3
7813,3
7814,3
7815,4
7816,3
7817,5
7818,5
7819,3
7820,3
7821,3
7822,4
7823,3
7824,3
7825,3
7826,3
7827,3
7828,3
7829,3
7830,4
7831,3
7832,4
7833,3
7834,4
7835,4
7836,3
7837,5
7838,3
7839,4
7840,4
7841,3
7842,4
7843,3
7844,3
7845,3
7846,3
7847,3
7848,4
7849,5
7850,4
7851,4
7852,3
7853,3
7854,4
7855,4
7856,3
7857,5
7858,4
7859,5
7860,4
7861,3
7862,4
7863,4
7864,4
7865,4
7866,3
7867,4
7868,4
7869,4
7870,4
7871,3
7872,4
7873,3
7874,4
7875,3
7876,3
7877,3
7878,4
7879,4
7880,4
7881,3
7882,4
7883,3
7884,2
7885,3
7886,3
7887,3
7888,3
7889,5
7890,5
7891,3
7892,3
7893,3
7894,3
7895,3
7896,3
7897,4
7898,4
7899,3
7900,4
7901,4
7902,3
7903,4
7904,3
7905,5
7906,3
7907,4
7908,3
7909,3
7910,3
7911,3
7912,3
7913,5
7914,3
7915,4
7916,5
7917,4
7918,3
7919,3
7920,3
7921,3
7922,2
7923,3
7924,4
7925,2
7926,4
7927,3
7928,3
7929,3
7930,3
7931,3
7932,3
7933,2
7934,4
7935,3
7936,3
7937,3
7938,3
7939,3
7940,4
7941,5
7942,3
7943,3
7944,4
7945,4
7946,3
7947,5
7948,4
7949,3
7950,4
7951,3
7952,4
7953,3
7954,3
7955,3
7956,4
7957,3
7958,4
7959,3
7960,3
7961,3
7962,3
7963,4
7964,4
7965,5
7966,3
7967,3
7968,3
7969,4
7970,4
7971,4
7972,3
7973,3
7974,3
7975,3
7976,4
7977,3
7978,4
7979,3
7980,3
7981,4
7982,3
7983,3
7984,4
7985,4
7986,3
7987,3
7988,3
7989,5
7990,4
7991,4
7992,4
7993,3
7994,3
7995,3
7996,4
7997,4
7998,3
7999,3
8000,3
8001,3
8002,3
8003,4
8004,4
8005,4
8006,3
8007,4
8008,4
8009,3
8010,3
8011,3
8012,3
8013,3
8014,3
8015,3
8016,4
8017,4
8018,3
8019,4
8020,3
8021,4
8022,3
8023,3
8024,3
8025,4
8026,3
8027,4
8028,2
8029,4
8030,4
8031,4
8032,4
8033,3
8034,3
8035,3
8036,4
8037,3
8038,4
8039,4
8040,4
8041,4
8042,4
8043,3
8044,3
8045,3
8046,3
8047,3
8048,3
8049,5
8050,3
8051,3
8052,4
8053,3
8054,4
8055,3
8056,3
8057,3
8058,3
8059,3
8060,3
8061,3
8062,4
8063,4
8064,3
8065,3
8066,4
8067,3
8068,4
8069,3
8070,3
8071,3
8072,3
8073,4
8074,4
8075,3
8076,3
8077,4
8078,3
8079,4
8080,4
8081,3
8082,4
8083,4
8084,4
8085,4
8086,3
8087,3
8088,3
8089,4
8090,4
8091,3
8092,5
8093,3
8094,3
8095,3
8096,5
8097,3
8098,4
8099,3
8100,4
8101,4
8102,4
8103,3
8104,3
8105,3
8106,4
8107,3
8108,3
8109,5
8110,3
8111,3
8112,3
8113,3
8114,3
8115,5
8116,3
8117,4
8118,4
8119,3
8120,3
8121,4
8122,3
8123,3
8124,3
8125,3
8126,4
8127,3
8128,3
8129,3
8130,3
8131,4
8132,3
8133,3
8134,3
8135,4
8136,3
8137,4
8138,4
8139,5
8140,3
8141,3
8142,3
8143,3
8144,3
8145,4
8146,4
8147,2
8148,3
8149,4
8150,3
8151,4
8152,4
8153,3
8154,4
8155,3
8156,4
8157,3
8158,3
8159,4
8160,3
8161,3
8162,4
8163,3
8164,3
8165,3
8166,4
8167,3
8168,3
8169,4
8170,5
8171,4
8172,5
8173,3
8174,4
8175,3
8176,4
8177,4
8178,3
8179,4
8180,3
8181,3
8182,3
8183,3
8184,3
8185,3
8186,3
8187,3
8188,5
8189,3
8190,3
8191,4
8192,3
8193,2
8194,4
8195,4
8196,4
8197,3
8198,3
8199,3
8200,4
8201,3
8202,3
8203,3
8204,3
8205,3
8206,3
8207,4
8208,4
8209,3
8210,4
8211,1
8212,4
8213,3
8214,4
8215,3
8216,5
8217,3
8218,4
8219,3
8220,3
8221,5
8222,5
8223,3
8224,3
8225,3
8226,3
8227,4
8228,3
8229,4
8230,3
8231,4
8232,4
8233,3
8234,3
8235,3
8236,4
8237,4
8238,3
8239,4
8240,5
8241,4
8242,3
8243,4
8244,3
8245,3
8246,3
8247,2
8248,4
8249,4
8250,4
8251,3
8252,3
8253,3
8254,4
8255,4
8256,3
8257,4
8258,3
8259,3
8260,3
8261,3
8262,3
8263,3
8264,2
8265,3
8266,3
8267,4
8268,4
8269,4
8270,4
8271,3
8272,3
8273,3
8274,4
8275,3
8276,4
8277,3
8278,4
8279,3
8280,3
8281,3
8282,3
8283,4
8284,3
8285,3
8286,4
8287,3
8288,3
8289,4
8290,5
8291,4
8292,3
8293,3
8294,3
8295,4
8296,4
8297,4
8298,3
8299,3
8300,3
8301,4
8302,4
8303,4
8304,3
8305,3
8306,4
8307,4
8308,4
8309,4
8310,4
8311,2
8312,3
8313,3
8314,3
8315,3
8316,5
8317,4
8318,4
8319,5
8320,3
8321,5
8322,4
8323,3
8324,4
8325,3
8326,5
8327,3
8328,4
8329,3
8330,3
8331,3
8332,3
8333,4
8334,3
8335,4
8336,4
8337,4
8338,4
8339,5
8340,3
8341,3
8342,4
8343,3
8344,3
8345,3
8346,3
8347,4
8348,4
8349,3
8350,3
8351,4
8352,4
8353,3
8354,3
8355,3
8356,3
8357,3
8358,4
8359,3
8360,3
8361,3
8362,3
8363,3
8364,3
8365,4
8366,3
8367,4
8368,4
8369,3
8370,3
8371,3
8372,3
8373,5
8374,4
8375,3
8376,4
8377,3
8378,3
8379,4
8380,4
8381,4
8382,4
8383,3
8384,4
8385,3
8386,3
8387,4
8388,4
8389,3
8390,3
8391,3
8392,3
8393,4
8394,4
8395,3
8396,4
8397,4
8398,3
8399,4
8400,4
8401,3
8402,3
8403,3
8404,4
8405,4
8406,4
8407,3
8408,4
8409,3
8410,4
8411,3
8412,2
8413,3
8414,3
8415,3
8416,5
8417,3
8418,4
8419,3
8420,3
8421,3
8422,4
8423,3
8424,3
8425,3
8426,3
8427,4
8428,4
8429,4
8430,4
8431,3
8432,3
8433,3
8434,3
8435,3
8436,4
8437,3
8438,4
8439,4
8440,3
8441,3
8442,3
8443,4
8444,3
8445,3
8446,2
8447,3
8448,3
8449,3
8450,4
8451,4
8452,3
8453,4
8454,5
8455,3
8456,3
8457,4
8458,4
8459,3
8460,5
8461,4
8462,4
8463,3
8464,3
8465,5
8466,3
8467,4
8468,3
8469,4
8470,4
8471,3
8472,4
8473,4
8474,4
8475,4
8476,4
8477,3
8478,4
8479,3
8480,4
8481,4
8482,5
8483,3
8484,3
8485,1
8486,4
8487,4
8488,3
8489,4
8490,4
8491,3
8492,3
8493,3
8494,4
8495,3
8496,2
8497,3
8498,3
8499,3
8500,4
8501,3
8502,4
8503,4
8504,3
8505,3
8506,3
8507,3
8508,3
8509,3
8510,4
8511,5
8512,3
8513,4
8514,3
8515,3
8516,3
8517,3
8518,4
8519,3
8520,4
8521,5
8522,3
8523,3
8524,4
8525,4
8526,4
8527,3
8528,4
8529,5
8530,4
8531,3
8532,4
8533,4
8534,4
8535,3
8536,3
8537,4
8538,3
8539,4
8540,3
8541,5
8542,4
8543,3
8544,3
8545,3
8546,3
8547,3
8548,4
8549,3
8550,1
8551,3
8552,3
8553,4
8554,3
8555,5
8556,3
8557,4
8558,4
8559,3
8560,3
8561,3
8562,5
8563,5
8564,4
8565,3
8566,3
8567,3
8568,3
8569,4
8570,3
8571,4
8572,4
8573,4
8574,3
8575,3
8576,4
8577,4
8578,3
8579,4
8580,3
8581,3
8582,5
8583,5
8584,4
8585,3
8586,3
8587,3
8588,4
8589,3
8590,3
8591,4
8592,4
8593,4
8594,4
8595,3
8596,3
8597,4
8598,3
8599,3
8600,3
8601,5
8602,3
8603,3
8604,3
8605,3
8606,3
8607,3
8608,5
8609,2
8610,3
8611,4
8612,3
8613,3
8614,3
8615,4
8616,3
8617,3
8618,4
8619,4
8620,3
8621,3
8622,3
8623,4
8624,3
8625,5
8626,5
8627,4
8628,4
8629,3
8630,3
8631,3
8632,3
8633,4
8634,4
8635,3
8636,3
8637,4
8638,3
8639,4
8640,3
8641,4
8642,4
8643,3
8644,3
8645,3
8646,4
8647,4
8648,3
8649,3
8650,3
8651,3
8652,3
8653,3
8654,3
8655,4
8656,3
8657,4
8658,3
8659,3
8660,4
8661,3
8662,3
8663,5
8664,3
8665,3
8666,3
8667,3
8668,3
8669,3
8670,3
8671,3
8672,1
8673,3
8674,3
8675,4
8676,3
8677,3
8678,4
8679,3
8680,4
8681,4
8682,4
8683,4
8684,3
8685,4
8686,5
8687,3
8688,3
8689,4
8690,4
8691,3
8692,3
8693,3
8694,3
8695,3
8696,3
8697,4
8698,3
8699,4
8700,3
8701,3
8702,4
8703,4
8704,3
8705,3
8706,4
8707,2
8708,3
8709,3
8710,3
8711,3
8712,3
8713,4
8714,3
8715,4
8716,3
8717,4
8718,3
8719,3
8720,3
8721,4
8722,3
8723,4
8724,3
8725,4
8726,3
8727,4
8728,3
8729,3
8730,3
8731,4
8732,3
8733,3
8734,4
8735,4
8736,3
8737,3
8738,4
8739,4
8740,3
8741,3
8742,3
8743,3
8744,3
8745,3
8746,3
8747,3
8748,4
8749,4
8750,3
8751,3
8752,5
8753,4
8754,3
8755,4
8756,5
8757,3
8758,3
8759,4
8760,4
8761,3
8762,3
8763,4
8764,4
8765,3
8766,3
8767,4
8768,3
8769,3
8770,4
8771,3
8772,4
8773,4
8774,4
8775,4
8776,4
8777,4
8778,3
8779,4
8780,3
8781,3
8782,4
8783,4
8784,4
8785,3
8786,3
8787,4
8788,5
8789,4
8790,3
8791,3
8792,3
8793,4
8794,4
8795,3
8796,5
8797,3
8798,3
8799,4
8800,3
8801,4
8802,3
8803,4
8804,3
8805,3
8806,3
8807,5
8808,3
8809,3
8810,3
8811,4
8812,3
8813,3
8814,4
8815,3
8816,3
8817,3
8818,3
8819,4
8820,4
8821,3
8822,3
8823,3
8824,4
8825,4
8826,3
8827,3
8828,3
8829,3
8830,5
8831,4
8832,3
8833,3
8834,3
8835,3
8836,4
8837,3
8838,4
8839,3
8840,3
8841,3
8842,4
8843,3
8844,4
8845,5
8846,3
8847,4
8848,4
8849,3
8850,3
8851,3
8852,4
8853,4
8854,4
8855,3
8856,3
8857,4
8858,5
8859,3
8860,3
8861,4
8862,4
8863,3
8864,4
8865,3
8866,3
8867,4
8868,3
8869,2
8870,3
8871,3
8872,3
8873,3
8874,4
8875,3
8876,3
8877,3
8878,3
8879,3
8880,5
8881,4
8882,4
8883,3
8884,4
8885,3
8886,3
8887,3
8888,4
8889,4
8890,3
8891,4
8892,5
8893,4
8894,3
8895,3
8896,4
8897,3
8898,4
8899,5
8900,1
8901,4
8902,3
8903,3
8904,4
8905,1
8906,2
8907,3
8908,4
8909,4
8910,3
8911,3
8912,4
8913,3
8914,4
8915,3
8916,3
8917,3
8918,4
8919,3
8920,3
8921,3
8922,3
8923,5
8924,3
8925,3
8926,3
8927,3
8928,3
8929,4
8930,1
8931,5
8932,4
8933,4
8934,3
8935,3
8936,3
8937,3
8938,4
8939,3
8940,3
8941,3
8942,3
8943,3
8944,4
8945,3
8946,3
8947,3
8948,3
8949,4
8950,5
8951,4
8952,4
8953,3
8954,3
8955,4
8956,3
8957,3
8958,4
8959,3
8960,3
8961,3
8962,4
8963,3
8964,3
8965,4
8966,3
8967,3
8968,4
8969,4
8970,4
8971,4
8972,3
8973,4
8974,3
8975,4
8976,4
8977,3
8978,3
8979,3
8980,4
8981,4
8982,5
8983,3
8984,3
8985,4
8986,5
8987,4
8988,3
8989,3
8990,4
8991,5
8992,3
8993,3
8994,3
8995,3
8996,1
8997,1
8998,3
8999,2
9000,3
9001,5
9002,5
9003,2
9004,4
9005,3
9006,4
9007,3
9008,4
9009,3
9010,3
9011,3
9012,3
9013,3
9014,4
9015,3
9016,5
9017,3
9018,4
9019,3
9020,3
9021,4
9022,3
9023,3
9024,3
9025,4
9026,4
9027,4
9028,4
9029,3
9030,2
9031,3
9032,3
9033,3
9034,3
9035,4
9036,3
9037,3
9038,3
9039,3
9040,4
9041,3
9042,3
9043,3
9044,3
9045,4
9046,3
9047,4
9048,3
9049,3
9050,5
9051,3
9052,3
9053,3
9054,4
9055,4
9056,3
9057,3
9058,4
9059,3
9060,3
9061,3
9062,3
9063,3
9064,3
9065,3
9066,3
9067,3
9068,3
9069,3
9070,4
9071,4
9072,3
9073,4
9074,4
9075,3
9076,4
9077,3
9078,3
9079,3
9080,3
9081,4
9082,3
9083,3
9084,4
9085,3
9086,5
9087,3
9088,4
9089,3
9090,3
9091,3
9092,4
9093,3
9094,1
9095,3
9096,3
9097,3
9098,3
9099,3
9100,3
9101,3
9102,3
9103,4
9104,4
9105,4
9106,3
9107,4
9108,4
9109,3
9110,4
9111,4
9112,4
9113,3
9114,3
9115,3
9116,4
9117,4
9118,4
9119,3
9120,3
9121,3
9122,3
9123,3
9124,3
9125,3
9126,3
9127,3
9128,3
9129,3
9130,4
9131,3
9132,3
9133,4
9134,4
9135,5
9136,4
9137,3
9138,3
9139,4
9140,4
9141,3
9142,4
9143,4
9144,3
9145,4
9146,4
9147,4
9148,4
9149,4
9150,3
9151,4
9152,5
9153,4
9154,2
9155,4
9156,3
9157,3
9158,5
9159,3
9160,3
9161,4
9162,5
9163,3
9164,3
9165,4
9166,4
9167,4
9168,3
9169,3
9170,3
9171,5
9172,3
9173,4
9174,3
9175,3
9176,4
9177,4
9178,3
9179,3
9180,3
9181,4
9182,3
9183,3
9184,4
9185,3
9186,3
9187,4
9188,2
9189,3
9190,4
9191,3
9192,3
9193,1
9194,3
9195,4
9196,4
9197,4
9198,4
9199,4
9200,3
9201,3
9202,3
9203,4
9204,3
9205,3
9206,3
9207,3
9208,3
9209,3
9210,4
9211,3
9212,4
9213,3
9214,3
9215,3
9216,2
9217,4
9218,4
9219,3
9220,4
9221,4
9222,3
9223,4
9224,4
9225,4
9226,4
9227,3
9228,3
9229,4
9230,3
9231,3
9232,3
9233,3
9234,3
9235,4
9236,4
9237,4
9238,3
9239,4
9240,4
9241,3
9242,4
9243,4
9244,4
9245,3
9246,4
9247,4
9248,3
9249,3
9250,3
9251,4
9252,3
9253,4
9254,5
9255,3
9256,3
9257,2
9258,3
9259,4
9260,3
9261,3
9262,3
9263,3
9264,3
9265,5
9266,3
9267,2
9268,4
9269,3
9270,4
9271,3
9272,4
9273,3
9274,4
9275,3
9276,3
9277,3
9278,3
9279,3
9280,3
9281,4
9282,3
9283,4
9284,4
9285,4
9286,4
9287,2
9288,3
9289,4
9290,3
9291,4
9292,3
9293,4
9294,4
9295,4
9296,3
9297,4
9298,3
9299,3
9300,3
9301,3
9302,3
9303,3
9304,4
9305,3
9306,3
9307,4
9308,3
9309,4
9310,4
9311,3
9312,3
9313,3
9314,3
9315,3
9316,4
9317,3
9318,4
9319,3
9320,3
9321,3
9322,4
9323,4
9324,3
9325,3
9326,3
9327,3
9328,3
9329,4
9330,5
9331,3
9332,3
9333,2
9334,3
9335,1
9336,3
9337,4
9338,4
9339,3
9340,4
9341,4
9342,4
9343,3
9344,4
9345,3
9346,3
9347,2
9348,4
9349,3
9350,3
9351,3
9352,3
9353,4
9354,5
9355,3
9356,4
9357,3
9358,4
9359,3
9360,1
9361,3
9362,5
9363,4
9364,3
9365,3
9366,4
9367,4
9368,3
9369,3
9370,4
9371,3
9372,3
9373,3
9374,3
9375,4
9376,3
9377,2
9378,4
9379,3
9380,3
9381,5
9382,3
9383,4
9384,3
9385,3
9386,3
9387,3
9388,3
9389,3
9390,4
9391,3
9392,3
9393,3
9394,4
9395,4
9396,4
9397,4
9398,3
9399,3
9400,3
9401,4
9402,4
9403,4
9404,4
9405,2
9406,4
9407,4
9408,4
9409,4
9410,3
9411,3
9412,3
9413,3
9414,2
9415,4
9416,3
9417,3
9418,4
9419,4
9420,3
9421,3
9422,4
9423,3
9424,4
9425,3
9426,3
9427,3
9428,5
9429,4
9430,3
9431,3
9432,3
9433,4
9434,3
9435,3
9436,4
9437,3
9438,4
9439,3
9440,4
9441,3
9442,3
9443,4
9444,4
9445,3
9446,4
9447,4
9448,4
9449,4
9450,4
9451,3
9452,3
9453,3
9454,3
9455,4
9456,4
9457,3
9458,3
9459,4
9460,3
9461,3
9462,3
9463,4
9464,3
9465,4
9466,5
9467,3
9468,4
9469,5
9470,3
9471,4
9472,3
9473,4
9474,4
9475,5
9476,4
9477,4
9478,3
9479,3
9480,3
9481,4
9482,4
9483,3
9484,4
9485,5
9486,3
9487,4
9488,3
9489,4
9490,3
9491,3
9492,4
9493,5
9494,3
9495,3
9496,4
9497,3
9498,3
9499,4
9500,4
9501,3
9502,3
9503,3
9504,3
9505,3
9506,4
9507,3
9508,4
9509,4
9510,4
9511,3
9512,4
9513,3
9514,4
9515,4
9516,4
9517,4
9518,4
9519,3
9520,4
9521,3
9522,3
9523,5
9524,3
9525,3
9526,4
9527,5
9528,4
9529,3
9530,3
9531,4
9532,4
9533,4
9534,3
9535,3
9536,2
9537,4
9538,3
9539,3
9540,3
9541,3
9542,4
9543,4
9544,4
9545,3
9546,4
9547,3
9548,4
9549,3
9550,3
9551,3
9552,3
9553,3
9554,3
9555,3
9556,3
9557,3
9558,3
9559,4
9560,4
9561,3
9562,4
9563,4
9564,4
9565,3
9566,4
9567,3
9568,3
9569,4
9570,4
9571,3
9572,3
9573,4
9574,4
9575,3
9576,3
9577,3
9578,3
9579,3
9580,3
9581,3
9582,4
9583,4
9584,3
9585,4
9586,4
9587,3
9588,3
9589,3
9590,4
9591,3
9592,5
9593,3
9594,2
9595,4
9596,3
9597,3
9598,3
9599,4
9600,3
9601,4
9602,3
9603,4
9604,3
9605,3
9606,3
9607,4
9608,4
9609,3
9610,4
9611,3
9612,4
9613,3
9614,4
9615,4
9616,3
9617,3
9618,4
9619,3
9620,4
9621,3
9622,4
9623,4
9624,5
9625,4
9626,3
9627,3
9628,3
9629,3
9630,4
9631,3
9632,2
9633,4
9634,3
9635,3
9636,3
9637,4
9638,5
9639,4
9640,4
9641,3
9642,3
9643,3
9644,4
9645,3
9646,3
9647,4
9648,3
9649,5
9650,4
9651,3
9652,3
9653,3
9654,3
9655,4
9656,3
9657,3
9658,3
9659,4
9660,3
9661,4
9662,3
9663,3
9664,3
9665,3
9666,4
9667,4
9668,4
9669,4
9670,4
9671,4
9672,3
9673,4
9674,4
9675,3
9676,3
9677,3
9678,3
9679,3
9680,3
9681,3
9682,3
9683,3
9684,3
9685,3
9686,3
9687,3
9688,3
9689,3
9690,4
9691,4
9692,1
9693,4
9694,4
9695,3
9696,3
9697,3
9698,4
9699,2
9700,3
9701,3
9702,3
9703,4
9704,4
9705,4
9706,3
9707,2
9708,4
9709,3
9710,4
9711,3
9712,4
9713,4
9714,4
9715,4
9716,3
9717,4
9718,3
9719,3
9720,3
9721,4
9722,4
9723,3
9724,5
9725,3
9726,3
9727,3
9728,5
9729,3
9730,4
9731,3
9732,4
9733,3
9734,4
9735,3
9736,3
9737,4
9738,4
9739,3
9740,3
9741,3
9742,5
9743,4
9744,4
9745,4
9746,3
9747,3
9748,3
9749,3
9750,3
9751,3
9752,3
9753,4
9754,3
9755,4
9756,3
9757,4
9758,3
9759,5
9760,4
9761,3
9762,3
9763,4
9764,4
9765,4
9766,3
9767,3
9768,4
9769,1
9770,3
9771,3
9772,3
9773,3
9774,3
9775,3
9776,3
9777,4
9778,4
9779,4
9780,4
9781,4
9782,4
9783,3
9784,3
9785,3
9786,3
9787,5
9788,4
9789,3
9790,3
9791,4
9792,4
9793,4
9794,3
9795,4
9796,4
9797,3
9798,3
9799,3
9800,4
9801,3
9802,3
9803,3
9804,4
9805,5
9806,3
9807,3
9808,3
9809,4
9810,4
9811,4
9812,3
9813,4
9814,3
9815,3
9816,3
9817,4
9818,5
9819,3
9820,3
9821,3
9822,4
9823,3
9824,4
9825,4
9826,4
9827,3
9828,5
9829,5
9830,3
9831,3
9832,3
9833,3
9834,3
9835,3
9836,4
9837,3
9838,3
9839,3
9840,4
9841,4
9842,4
9843,3
9844,3
9845,3
9846,3
9847,4
9848,3
9849,3
9850,4
9851,3
9852,4
9853,3
9854,3
9855,2
9856,4
9857,3
9858,3
9859,4
9860,3
9861,3
9862,3
9863,3
9864,3
9865,3
9866,3
9867,3
9868,3
9869,3
9870,3
9871,4
9872,3
9873,3
9874,3
9875,4
9876,4
9877,3
9878,3
9879,3
9880,3
9881,3
9882,4
9883,1
9884,3
9885,3
9886,4
9887,3
9888,4
9889,3
9890,3
9891,4
9892,4
9893,4
9894,3
9895,4
9896,4
9897,5
9898,4
9899,5
9900,3
9901,4
9902,3
9903,3
9904,3
9905,3
9906,3
9907,4
9908,4
9909,4
9910,4
9911,4
9912,4
9913,3
9914,4
9915,4
9916,3
9917,3
9918,5
9919,3
9920,3
9921,3
9922,4
9923,4
9924,3
9925,3
9926,3
9927,3
9928,4
9929,4
9930,3
9931,3
9932,4
9933,4
9934,3
9935,4
9936,1
9937,3
9938,3
9939,5
9940,4
9941,3
9942,4
9943,3
9944,3
9945,4
9946,3
9947,4
9948,4
9949,5
9950,5
9951,4
9952,4
9953,3
9954,4
9955,4
9956,3
9957,4
9958,3
9959,4
9960,4
9961,3
9962,3
9963,3
9964,3
9965,4
9966,4
9967,3
9968,3
9969,3
9970,3
9971,4
9972,3
9973,4
9974,3
9975,3
9976,3
9977,3
9978,3
9979,3
9980,3
9981,3
9982,3
9983,3
9984,4
9985,3
9986,4
9987,4
9988,3
9989,3
9990,2
9991,2
9992,3
9993,3
9994,4
9995,4
9996,3
9997,3
